"x","y","site_id","water_year","diff_peak","diff_sm50","perd_peak","perd_sm50","perpast_peak","perpast_sm50","anom_peak","anom_sm50"
98.19,9.72,990,2021,3.53333333333333,NA,9.35569285083848,NA,109.355692850838,NA,0.345081044902465,NA
139.86,78.8,985,2021,0.48,NA,14.9068322981366,NA,114.906832298137,NA,0.121349080605123,NA
137.37,79.56,984,2021,0.550000000000001,NA,3.20699708454811,NA,103.206997084548,NA,0.0655834254181047,NA
103.19,17.96,975,2021,4.86,NA,29.7429620563035,NA,129.742962056304,NA,0.778728832840999,NA
78.02,45.23,942,2021,-4.48,NA,-19.7530864197531,NA,80.2469135802469,NA,-0.298748114292197,NA
66.72,23.38,943,2021,0.889999999999999,NA,10.1021566401816,NA,110.102156640182,NA,0.228540111762287,NA
62.21,20.48,974,2021,2.95,NA,7.59330759330758,NA,107.593307593308,NA,0.206447723732609,NA
83.22,46,928,2021,-0.17,NA,-3.64025695931477,NA,96.3597430406852,NA,-0.0387297217848367,NA
77.24,47.48,941,2021,1,NA,24.390243902439,NA,124.390243902439,NA,0.315352998736582,NA
88.02,11.14,910,2021,7.66,NA,20.2431289640592,NA,120.243128964059,NA,0.449937929968642,NA
84.4,41.18,911,2021,4.03,NA,10.0573995507861,NA,110.057399550786,NA,0.169212245228719,NA
86.43,33.24,912,2021,16.18,NA,43.9435089625204,NA,143.94350896252,NA,0.616523454270283,NA
90.73,7.89,909,2021,1.77999999999999,NA,5.39067231980616,NA,105.390672319806,NA,0.192480742240998,NA
85.73,30.81,908,2021,-4.72,NA,-8.41054882394868,NA,91.5894511760513,NA,-0.198295290849124,NA
86.14,42.11,897,2021,5.54,NA,17.334167709637,NA,117.334167709637,NA,0.307172456522759,NA
85.17,40.05,898,2021,-5.66,NA,-29.8523206751055,NA,70.1476793248945,NA,-0.448650292574828,NA
86.43,41.07,899,2021,4.46,NA,15.2530779753762,NA,115.253077975376,NA,0.299891169064719,NA
126.07,28.5,644,2021,1.22,NA,8.42541436464088,NA,108.425414364641,NA,0.198726472803837,NA
86.54,62.82,599,2021,-0.190000000000001,NA,-1.05030403537867,NA,98.9496959646213,NA,-0.0333893890583412,NA
66.76,25.86,648,2021,-6.1,NA,-19.9346405228758,NA,80.0653594771242,NA,-0.679963892153258,NA
100.01,18,817,2021,2.5,NA,8.62068965517241,NA,108.620689655172,NA,0.330143498344739,NA
152.07,45.26,707,2021,-0.120000000000001,NA,-0.568181818181823,NA,99.4318181818182,NA,-0.0137956756567857,NA
92.58,41.62,734,2021,4.31,NA,12.9858391081651,NA,112.985839108165,NA,0.385599416739903,NA
69.99,60.49,777,2021,3.22,NA,26.8781302170284,NA,126.878130217028,NA,0.363750611095856,NA
86.31,58.5,502,2021,-1.06,NA,-4.31596091205211,NA,95.6840390879479,NA,-0.143022281355217,NA
69.78,62.9,553,2021,-6.13,NA,-12.6836333540244,NA,87.3163666459756,NA,-0.239953202804443,NA
80.24,61.33,702,2021,3.41,NA,11.6820829051045,NA,111.682082905104,NA,0.302894932076976,NA
68.56,61.66,748,2021,0.240000000000002,NA,0.605143721633893,NA,100.605143721634,NA,0.0119945304084946,NA
73.15,63.18,776,2021,-9.72,NA,-26.9850083287063,NA,73.0149916712937,NA,-0.534177398398888,NA
97.85,43.71,352,2021,1.02,NA,7.19322990126939,NA,107.193229901269,NA,0.187151237718838,NA
154.63,27.99,376,2021,-7.15,NA,-24.956369982548,NA,75.043630017452,NA,-1.14788797630008,NA
84.8,47.56,418,2021,1.74,NA,4.90693739424704,NA,104.906937394247,NA,0.188840119426276,NA
83.28,41.32,420,2021,-4.3,NA,-20.9756097560976,NA,79.0243902439024,NA,-0.312088046567143,NA
93.05,38.18,478,2021,9.87,NA,35.4653251886454,NA,135.465325188645,NA,1.07606511835561,NA
100.19,45.89,507,2021,-0.809999999999999,NA,-4.0683073832245,NA,95.9316926167755,NA,-0.142451815181517,NA
105.7,15.29,515,2021,8.19,NA,20.5727204220045,NA,120.572720422005,NA,0.754565812668426,NA
87.08,40.35,672,2021,-13.02,NA,-23.0769230769231,NA,76.9230769230769,NA,-0.6426536442243,NA
79.25,51.4,679,2021,3.75999999999999,NA,4.99070878683301,NA,104.990708786833,NA,0.182194361030317,NA
83.52,56.17,692,2021,-9.48,NA,-16.3787145818936,NA,83.6212854181064,NA,-0.557225603447801,NA
102.95,30.8,699,2021,4.19,NA,25.8482418260333,NA,125.848241826033,NA,0.885630816212758,NA
103.47,19.14,711,2021,2.26,NA,6.43141718838929,NA,106.431417188389,NA,0.232003563790749,NA
116.9,19.55,728,2021,1.66,NA,16.869918699187,NA,116.869918699187,NA,0.531280477378255,NA
87.95,42.83,788,2021,1.41,NA,3.46522487097568,NA,103.465224870976,NA,0.0829525150460088,NA
94.23,33.81,791,2021,14.6,NA,41.2429378531073,NA,141.242937853107,NA,1.30285612500509,NA
132.51,79.76,824,2021,0.59,NA,1.90876738919444,NA,101.908767389194,NA,0.0546642952933775,NA
101.97,46.13,841,2021,-2.99,NA,-22.6686884003033,NA,77.3313115996967,NA,-0.983939543300782,NA
83.78,55.79,863,2021,8.29,NA,38.9019239793524,NA,138.901923979352,NA,1.06685250157411,NA
85.47,52.45,375,2021,1.53,NA,5.52945428261654,NA,105.529454282617,NA,0.155017946977774,NA
73.24,61.18,591,2021,-2.68,NA,-6.35372214319583,NA,93.6462778568042,NA,-0.153816633609446,NA
99.16,25.11,606,2021,-3.88,NA,-6.72676837725382,NA,93.2732316227462,NA,-0.23242303662253,NA
83.88,49.77,642,2021,-8.15,NA,-15.3339604891816,NA,84.6660395108184,NA,-0.531458324564584,NA
100.5,20.13,681,2021,5.06,NA,11.3097898971837,NA,111.309789897184,NA,0.313971347177023,NA
75.1,65.74,804,2021,-1.42,NA,-2.90269828291088,NA,97.0973017170891,NA,-0.0766338778325945,NA
102.79,47.69,832,2021,-0.19,NA,-1.77736202057998,NA,98.22263797942,NA,-0.0470049741243963,NA
244.29,341.23,933,2021,-3.07,NA,-44.0459110473458,NA,55.9540889526542,NA,-1.08812505531832,NA
300.8,320.38,934,2021,-1.67,NA,-19.042189281642,NA,80.957810718358,NA,-0.472429224663056,NA
288.38,336.04,921,2021,-3.06666666666667,-51.7777777777778,-64.3356643356643,-28.8009888751545,35.6643356643357,71.1990111248455,-1.51776130337478,-3.65262767580265
289.06,334.58,922,2021,-10.07,NA,-61.5149664019548,NA,38.4850335980452,NA,-1.41220502459956,NA
293.26,334.79,854,2021,-8.34,NA,-58.1589958158996,NA,41.8410041841004,NA,-1.46177381163085,NA
293.81,325.84,491,2021,-3.17,NA,-29.9905392620624,NA,70.0094607379376,NA,-0.984865797777941,NA
278.81,330.19,708,2021,-4.57,NA,-49.8364231188659,NA,50.1635768811341,NA,-1.0885718840578,NA
271.38,327.6,744,2021,-3.51,NA,-42.2382671480144,NA,57.7617328519856,NA,-1.0254326430234,NA
281.42,317.5,316,2021,-4.13,NA,-36.1329833770779,NA,63.8670166229221,NA,-1.31540077155967,NA
276.67,307.08,394,2021,-3.51,NA,-33.0819981149859,NA,66.9180018850141,NA,-0.925148264998292,NA
282.95,313.05,532,2021,-7.82,NA,-40.8995815899582,NA,59.1004184100418,NA,-1.46671988397975,NA
246.91,382.69,595,2021,-1.05,9.5,-41.1764705882353,6.81003584229391,58.8235294117647,106.810035842294,-0.767038884967689,0.451500197296874
300.7,308.95,665,2021,-3.04,NA,-36.8932038834951,NA,63.1067961165049,NA,-0.996712382801053,NA
298.71,315.12,715,2021,-2.98,NA,-32.8193832599119,NA,67.1806167400881,NA,-1.09484527853677,NA
239.96,391.47,755,2021,-3.62,-33.6,-68.0451127819549,-20.9215442092154,31.9548872180451,79.0784557907846,-1.03519690078348,-2.44160142276075
231.2,380.43,757,2021,-1.69,NA,-17.9978700745474,NA,82.0021299254526,NA,-0.339840881894861,NA
228,371.86,486,2021,-2.28,-26.5,-63.6871508379888,-16.5109034267913,36.3128491620112,83.4890965732087,-1.38313123447352,-2.352009243942
338.8,154.05,920,2021,-2.41,NA,-32.96853625171,NA,67.03146374829,NA,-1.05630207927998,NA
335.68,155.97,354,2021,-2.65,NA,-36.551724137931,NA,63.448275862069,NA,-1.8236151506931,NA
66.31,158.05,977,2021,-2.63,NA,-54.4513457556936,NA,45.5486542443064,NA,-1.08705119575678,NA
66.74,230.88,633,2021,-5.31,NA,-32.9608938547486,NA,67.0391061452514,NA,-1.01900179408432,NA
64.64,239.15,574,2021,-33.77,NA,-53.6287120851199,NA,46.3712879148801,NA,-1.6275331960199,NA
62.03,171.6,301,2021,-0.69,NA,-5.31177829099307,NA,94.6882217090069,NA,-0.21413271145412,NA
63.32,230.01,778,2021,-0.97,NA,-12.9852744310576,NA,87.0147255689424,NA,-0.273168999420558,NA
61.36,230.87,356,2021,-13.13,NA,-43.1482090042721,NA,56.8517909957279,NA,-1.40097141813633,NA
58.02,213.73,428,2021,-11.65,NA,-30.4575163398693,NA,69.5424836601307,NA,-1.31090718265912,NA
60.07,225.11,463,2021,-14.49,NA,-34.3446314292486,NA,65.6553685707514,NA,-1.09542833277022,NA
60.36,210.72,540,2021,-5.95,NA,-41.1764705882353,NA,58.8235294117647,NA,-1.6434694459002,NA
65.73,238.98,575,2021,-4.98,NA,-38.0733944954128,NA,61.9266055045872,NA,-0.8444641238568,NA
65.55,234.19,697,2021,-6.65,NA,-33.8422391857506,NA,66.1577608142494,NA,-1.40463355169578,NA
60.08,221.72,724,2021,-11.97,NA,-44.5478228507629,NA,55.4521771492371,NA,-1.4033544324972,NA
60.69,218.04,809,2021,-5.3,NA,-39.5522388059702,NA,60.4477611940298,NA,-1.49047945247244,NA
60.92,215.16,834,2021,-4.61,NA,-26.3278126784695,NA,73.6721873215305,NA,-1.14800843408517,NA
75.72,158.27,446,2021,-9.37,NA,-29.9648225135913,NA,70.0351774864087,NA,-1.13997260106821,NA
61,223.54,473,2021,-0.970000000000001,NA,-11.4521841794569,NA,88.5478158205431,NA,-0.357436141208916,NA
58.86,217.11,784,2021,-33.65,NA,-61.4611872146119,NA,38.5388127853881,NA,-1.79638705425404,NA
59.4,218.38,848,2021,-9.73,NA,-25.6525177959399,NA,74.3474822040601,NA,-0.960831262874179,NA
62.99,232.64,462,2021,-15.08,NA,-40.6688241639698,NA,59.3311758360302,NA,-1.19453856351591,NA
62.34,225.7,508,2021,-3.05,NA,-17.6811594202899,NA,82.3188405797101,NA,-0.547771629991714,NA
63.05,224.3,518,2021,-10.98,NA,-44.1318327974276,NA,55.8681672025724,NA,-1.16449133624339,NA
59.98,211.53,539,2021,-2.4,NA,-14.4578313253012,NA,85.5421686746988,NA,-0.526713347712252,NA
59.55,211.87,541,2021,-23.25,NA,-51.7241379310345,NA,48.2758620689655,NA,-1.8771410565808,NA
69.43,236.75,587,2021,-9.39,NA,-52.4874231414198,NA,47.5125768585802,NA,-1.06929623598419,NA
64.97,238.56,771,2021,-13.1,NA,-49.4339622641509,NA,50.5660377358491,NA,-1.40619254632467,NA
69.76,245.18,846,2021,-10.46,NA,-54.3094496365524,NA,45.6905503634476,NA,-1.1622349765855,NA
71.59,166.44,391,2021,-4.66,NA,-24.97320471597,NA,75.02679528403,NA,-1.15808818137614,NA
50.1,131.43,1000,2021,-12.47,NA,-29.0202466837328,NA,70.9797533162672,NA,-0.927246188522549,NA
62.23,149.72,945,2021,-1.34,NA,-48.9051094890511,NA,51.0948905109489,NA,-0.820852727026177,NA
67.42,78,925,2021,0.56,NA,6.06060606060607,NA,106.060606060606,NA,0.0508627796900455,NA
137.87,101.24,302,2021,-13.45,NA,-53.9078156312625,NA,46.0921843687375,NA,-2.49204673920732,NA
54.18,114.69,710,2021,-1.42222222222222,NA,-64,NA,36,NA,-0.649359376321406,NA
137.16,105.76,736,2021,4.08,NA,16.1137440758294,NA,116.113744075829,NA,0.659902043150319,NA
122.2,98.94,331,2021,0.99,NA,7.72833723653396,NA,107.728337236534,NA,0.209150262023025,NA
34.75,145.64,341,2021,-13.79,NA,-45.9819939979993,NA,54.0180060020007,NA,-1.61637452485081,NA
27.4,142.8,343,2021,-4.46,NA,-25.6912442396313,NA,74.3087557603687,NA,-0.619388689227236,NA
69.8,79.12,351,2021,-4.59,NA,-11.772249294691,NA,88.227750705309,NA,-0.186621193144136,NA
56.03,116.8,388,2021,-5.78,NA,-16.8611435239207,NA,83.1388564760794,NA,-0.536681118385697,NA
57.71,125.41,395,2021,-0.649999999999999,NA,-6.87830687830686,NA,93.1216931216931,NA,-0.174872068838938,NA
69.5,86.47,398,2021,-0.540000000000001,NA,-4.27215189873418,NA,95.7278481012658,NA,-0.0796432841419883,NA
70.91,84.83,401,2021,-3.08,NA,-21.875,NA,78.125,NA,-0.38186513212866,NA
47.94,138.52,406,2021,-9.97,NA,-32.0888316704216,NA,67.9111683295784,NA,-0.737478172779912,NA
117.48,96.91,422,2021,1.42,NA,27.9527559055118,NA,127.952755905512,NA,0.588519059643467,NA
92.96,107.36,440,2021,-0.780000000000001,NA,-5.20694259012017,NA,94.7930574098798,NA,-0.162118918030692,NA
52.46,124.84,442,2021,0.0299999999999994,NA,0.195185426154843,NA,100.195185426155,NA,0.0047327731450777,NA
122.44,105.24,464,2021,3.02,NA,29.9603174603175,NA,129.960317460317,NA,0.891255810829607,NA
120.85,89.47,470,2021,0.21,NA,2.96191819464034,NA,102.96191819464,NA,0.0511251483655101,NA
44.43,140.93,479,2021,-1.08,NA,-8.38509316770186,NA,91.6149068322981,NA,-0.171561661264424,NA
118.89,106.85,494,2021,3.97,NA,37.3471307619943,NA,137.347130761994,NA,0.935504126965654,NA
48.82,112.93,529,2021,-5.28,NA,-22.7782571182054,NA,77.2217428817946,NA,-0.430849211067133,NA
33.49,130.04,558,2021,-1.2,NA,-14.4578313253012,NA,85.5421686746988,NA,-0.236637348498624,NA
102.93,95.1,608,2021,1.81,NA,32.9690346083789,NA,132.969034608379,NA,0.664825416594507,NA
63.26,96.23,614,2021,-5.76,NA,-44.104134762634,NA,55.895865237366,NA,-0.540162495191937,NA
62.53,104.6,619,2021,-7.91,NA,-17.2293617948159,NA,82.7706382051841,NA,-0.482809080499042,NA
130.7,98.26,647,2021,1.57,NA,6.29763337344565,NA,106.297633373446,NA,0.304294932830904,NA
71.22,81.99,651,2021,1.35,NA,2.248126561199,NA,102.248126561199,NA,0.0690902484435496,NA
138.46,100.04,653,2021,-8.68,NA,-43.6619718309859,NA,56.3380281690141,NA,-1.86411319557144,NA
56.77,118.81,660,2021,-0.75,NA,-5.61797752808989,NA,94.3820224719101,NA,-0.10946280976035,NA
86.85,106.22,671,2021,-1.28,NA,-11.1498257839721,NA,88.8501742160279,NA,-0.354167596551845,NA
66.49,86.98,687,2021,-1.32,NA,-7.89473684210525,NA,92.1052631578947,NA,-0.117273968157117,NA
67.49,148.65,706,2021,-1.62,NA,-59.5588235294118,NA,40.4411764705882,NA,-1.63311762305466,NA
58.31,110.43,719,2021,-5.7,NA,-17.3252279635258,NA,82.6747720364742,NA,-0.364310023255742,NA
107.06,120.77,721,2021,1.65,NA,26.8292682926829,NA,126.829268292683,NA,0.632410366086452,NA
55.24,116.12,729,2021,0.140000000000001,NA,0.637522768670312,NA,100.63752276867,NA,0.010818047015626,NA
49.29,70.97,743,2021,-1.56,16.1,-43.8202247191011,12.5879593432369,56.1797752808989,112.587959343237,-0.675331003299857,0.517209481112741
49.56,135.12,745,2021,-8.27,NA,-25.0075597218022,NA,74.9924402781978,NA,-0.715511384063279,NA
65.74,133.72,756,2021,-4.22,NA,-33.9774557165862,NA,66.0225442834138,NA,-0.835618990097937,NA
105.64,114.82,789,2021,0.4,NA,4.87804878048781,NA,104.878048780488,NA,0.114519666862774,NA
66.26,152.61,794,2021,-1.05,NA,-18.9189189189189,NA,81.0810810810811,NA,-0.438410070402709,NA
65.57,107.03,815,2021,-3.64,NA,-18.8210961737332,NA,81.1789038262668,NA,-0.418965021683761,NA
107.07,94.35,304,2021,0.700000000000003,NA,4.02298850574714,NA,104.022988505747,NA,0.155491580411762,NA
45.84,140.65,344,2021,0.41,NA,1.76041219407471,NA,101.760412194075,NA,0.0411408283864874,NA
113.14,116.87,357,2021,-0.390000000000001,NA,-2.40889437924645,NA,97.5911056207536,NA,-0.0727918017682601,NA
121.04,105.8,361,2021,2.16,NA,15.4949784791966,NA,115.494978479197,NA,0.43739475676178,NA
119.54,93.61,362,2021,6.48,NA,76.9596199524941,NA,176.959619952494,NA,1.99875643185469,NA
61.07,97.19,434,2021,-11.86,NA,-57.405614714424,NA,42.594385285576,NA,-0.737424926762836,NA
103.56,149.07,477,2021,-5.18,NA,-16.9391759319817,NA,83.0608240680183,NA,-0.747015245977162,NA
46.63,140.19,483,2021,-7.44,NA,-27.3127753303965,NA,72.6872246696035,NA,-0.782390569830653,NA
73.26,75.8,504,2021,-4.72,NA,-22.5621414913958,NA,77.4378585086042,NA,-0.473206637985184,NA
126.59,87.72,523,2021,7.12,NA,28.7328490718321,NA,128.732849071832,NA,0.723350827296818,NA
63.91,100.25,526,2021,-14.39,NA,-45.5523899968344,NA,54.4476100031656,NA,-1.0870128342887,NA
58.93,112.86,545,2021,-7.56,NA,-19.7080291970803,NA,80.2919708029197,NA,-0.763223753415825,NA
59.1,99.57,552,2021,-8.2,NA,-51.8987341772152,NA,48.1012658227848,NA,-0.702713746519252,NA
111.12,117.28,563,2021,1.69,NA,15.0758251561106,NA,115.075825156111,NA,0.440073328551769,NA
59.51,94.72,584,2021,-3.17,NA,-9.117054932413,NA,90.882945067587,NA,-0.164127553652528,NA
113.43,94.14,605,2021,3.5,NA,46.6666666666667,NA,146.666666666667,NA,1.16222711620397,NA
70.52,83.37,655,2021,2.11,NA,7.20382383065893,NA,107.203823830659,NA,0.148635415157726,NA
68.45,76.04,666,2021,-11.32,NA,-37.8342245989305,NA,62.1657754010695,NA,-0.562329039461671,NA
72.33,79.14,712,2021,0.740000000000002,NA,1.40257771038666,NA,101.402577710387,NA,0.0302734978806631,NA
48.33,70.46,726,2021,-4.94,NA,-41.722972972973,NA,58.277027027027,NA,-0.460874727844362,NA
62.68,99.45,733,2021,0.890000000000001,NA,5.52451893234017,NA,105.52451893234,NA,0.0825092943423796,NA
102.84,148,759,2021,-1.5,NA,-9.49367088607595,NA,90.5063291139241,NA,-0.330115780904316,NA
96.15,119.4,767,2021,0.75,NA,6.38297872340426,NA,106.382978723404,NA,0.173743878719524,NA
70.09,140.76,800,2021,-11.56,NA,-64.7256438969765,NA,35.2743561030235,NA,-2.02016142285342,NA
54,119.39,801,2021,-11.16,NA,-26.1603375527426,NA,73.8396624472574,NA,-1.16739126660695,NA
60.37,138.36,810,2021,-3.29,NA,-37.4288964732651,NA,62.5711035267349,NA,-0.984008242936513,NA
131.86,102.76,812,2021,7.17,NA,36.9016984045291,NA,136.901698404529,NA,1.41092109801149,NA
116.58,108.53,821,2021,0.99,NA,7.66847405112316,NA,107.668474051123,NA,0.284098030653249,NA
122.84,100.87,873,2021,-0.139999999999999,NA,-0.872817955112212,NA,99.1271820448878,NA,-0.0327621476947005,NA
146.75,121.68,979,2021,-1.68888888888889,NA,-16.7400881057269,NA,83.2599118942731,NA,-0.431123711446345,NA
161.51,25.14,988,2021,-5.97,NA,-17.4714661984197,NA,82.5285338015803,NA,-0.778591895895094,NA
147.56,135.66,978,2021,-1.98,NA,-7.68037238169123,NA,92.3196276183088,NA,-0.443510879144719,NA
134.02,143.18,2029,2021,3.82222222222222,NA,98.567335243553,NA,198.567335243553,NA,1.44266190038958,NA
186.65,119.38,915,2021,-3.26,NA,-30.5816135084428,NA,69.4183864915572,NA,-1.08490011952454,NA
173.35,140.74,895,2021,-2.41,NA,-20.4064352243861,NA,79.5935647756139,NA,-0.628935858807151,NA
156.88,148.53,382,2021,-0.5,NA,-4.03225806451613,NA,95.9677419354839,NA,-0.178243334368562,NA
160.52,63.25,623,2021,-1.99,NA,-8.09272061813745,NA,91.9072793818626,NA,-0.210951561353061,NA
156.83,176.57,871,2021,-3.84,NA,-25.531914893617,NA,74.468085106383,NA,-0.777236639368106,NA
222.1,153.88,695,2021,0.220000000000001,NA,1.45888594164457,NA,101.458885941645,NA,0.0708997357248203,NA
206.66,174.52,741,2021,-6.97,NA,-36.1702127659574,NA,63.8297872340426,NA,-1.41026162179038,NA
152.95,108.35,370,2021,-2.47,NA,-8.49673202614379,NA,91.5032679738562,NA,-0.298436072064595,NA
165.81,145.68,769,2021,-2.95,NA,-25.9911894273128,NA,74.0088105726872,NA,-0.78517141798091,NA
172.94,74.48,411,2021,-7.08,NA,-15.2981849611063,NA,84.7018150388937,NA,-0.555401654235486,NA
172.21,78.75,425,2021,-6.16,NA,-12.9793510324484,NA,87.0206489675516,NA,-0.556201786212447,NA
161.29,70.26,466,2021,-0.740000000000002,NA,-2.1239954075775,NA,97.8760045924225,NA,-0.0666626389796211,NA
166.86,79.4,520,2021,-4.04,NA,-8.89084507042253,NA,91.1091549295775,NA,-0.387514451000748,NA
182.95,79.37,588,2021,-3.49,NA,-12.8356013240162,NA,87.1643986759838,NA,-0.42176308757781,NA
181.54,82.62,735,2021,-2.34,NA,-9.42028985507246,NA,90.5797101449275,NA,-0.354435174050683,NA
165.64,77.16,747,2021,1.88,NA,7.17009916094585,NA,107.170099160946,NA,0.185774137050547,NA
163.24,126.95,312,2021,-4.58,NA,-18.785890073831,NA,81.214109926169,NA,-0.644398946460623,NA
152.39,110.23,319,2021,0.630000000000003,NA,3.71243370654097,NA,103.712433706541,NA,0.135186008731048,NA
180.6,142.81,320,2021,-6.2,NA,-43.0555555555556,NA,56.9444444444444,NA,-1.39491282067298,NA
168.66,39.44,323,2021,-15.93,NA,-28.5330467490596,NA,71.4669532509404,NA,-1.08158135782636,NA
138.15,114.66,324,2021,-0.219999999999999,NA,-0.968309859154925,NA,99.0316901408451,NA,-0.0280463836519769,NA
156.06,118.12,338,2021,-3.75,NA,-12.4378109452736,NA,87.5621890547264,NA,-0.440832548585577,NA
170.21,175.88,359,2021,-2.1,NA,-12.4260355029586,NA,87.5739644970414,NA,-0.401135580966939,NA
213.19,133.21,424,2021,-4.93,NA,-36.9842460615154,NA,63.0157539384846,NA,-1.37073187294165,NA
168.79,143.61,450,2021,-2.88,NA,-12.7546501328609,NA,87.2453498671391,NA,-0.438180300023819,NA
212.38,179.02,471,2021,-6.97,NA,-31.870141746685,NA,68.129858253315,NA,-1.17371747517705,NA
169.98,137.63,489,2021,-4.73,NA,-30.2623160588612,NA,69.7376839411388,NA,-0.82405209420673,NA
180.22,145.62,492,2021,-2.88,NA,-30.379746835443,NA,69.620253164557,NA,-1.09152178912696,NA
218.7,178.94,493,2021,-1.29,NA,-15.0174621653085,NA,84.9825378346915,NA,-0.653133162115122,NA
188.95,138.18,524,2021,-5.14,NA,-40.9888357256778,NA,59.0111642743222,NA,-2.05501382998563,NA
177.1,142.8,537,2021,-3.54,NA,-30.4123711340206,NA,69.5876288659794,NA,-0.910309494109628,NA
222.29,135.17,546,2021,-1.71,NA,-11.8667591950035,NA,88.1332408049965,NA,-0.458824631593527,NA
158.94,131.61,550,2021,-3.18,NA,-12.2874806800618,NA,87.7125193199382,NA,-0.476454771251877,NA
164.71,65.69,600,2021,-7.07,NA,-13.8709044536002,NA,86.1290955463999,NA,-0.485203413330587,NA
176.02,140.15,601,2021,-7.6,NA,-40.6417112299465,NA,59.3582887700535,NA,-1.01338337819265,NA
168.72,175.15,610,2021,-4.83,NA,-24.9870667356441,NA,75.0129332643559,NA,-0.899529900618722,NA
192.9,129.62,620,2021,-7.26,NA,-43.3174224343676,NA,56.6825775656324,NA,-2.22055385517321,NA
191.56,130.04,636,2021,-0.35,NA,-3.91061452513966,NA,96.0893854748603,NA,-0.101657077058234,NA
188.32,101.59,638,2021,0.43,NA,2.72669625871908,NA,102.726696258719,NA,0.0951722441367055,NA
180.1,118.35,639,2021,-2.67,NA,-26.5143992055611,NA,73.4856007944389,NA,-0.951947111037817,NA
169.35,97.17,650,2021,-1.49,NA,-6.5958388667552,NA,93.4041611332448,NA,-0.238547117615026,NA
135.09,158.82,654,2021,-2.99,NA,-40.4600811907984,NA,59.5399188092016,NA,-1.13111066823552,NA
203.03,179.66,677,2021,-2.88,NA,-27.2211720226843,NA,72.7788279773157,NA,-0.979191644266953,NA
154.56,142.71,704,2021,0.81,NA,13.9896373056995,NA,113.989637305699,NA,0.357240934653277,NA
160.8,36.41,738,2021,-8.53,NA,-17.796786981014,NA,82.203213018986,NA,-0.682815034897698,NA
156.03,105.68,740,2021,-5.04,NA,-16.557161629435,NA,83.442838370565,NA,-0.542830933560609,NA
158.58,67.25,752,2021,1.34,NA,12.810707456979,NA,112.810707456979,NA,0.257923457101532,NA
149.91,113.69,782,2021,-4.07,NA,-18.609967992684,NA,81.390032007316,NA,-0.596511058705973,NA
176.95,139.44,792,2021,-2.9,NA,-35.8024691358025,NA,64.1975308641975,NA,-1.09609697172676,NA
148.28,106.67,855,2021,0.739999999999998,NA,3.44827586206896,NA,103.448275862069,NA,0.106950512484803,NA
222.37,132.76,860,2021,-10.09,NA,-38.0898452246131,NA,61.9101547753869,NA,-1.31470959395839,NA
199.4,167.96,867,2021,-5.89,NA,-35.7186173438447,NA,64.2813826561552,NA,-1.22871690142762,NA
160.73,138.43,306,2021,-5.01,NA,-18.3449285975833,NA,81.6550714024167,NA,-0.689211018438214,NA
156.66,125.8,423,2021,0.630000000000001,NA,4.6770601336303,NA,104.67706013363,NA,0.168427391334174,NA
159.34,120.59,439,2021,-9.21,NA,-23.7923017308189,NA,76.2076982691811,NA,-0.750568899795565,NA
210.64,185.59,484,2021,-7.94,NA,-30.1442672741078,NA,69.8557327258922,NA,-0.914717945867696,NA
169.33,137.72,490,2021,-6.98,NA,-33.9164237123421,NA,66.0835762876579,NA,-1.02092181988332,NA
161.1,134.28,496,2021,1.23,NA,10.6309420916163,NA,110.630942091616,NA,0.332444574530522,NA
179.82,174.16,534,2021,-4.97,NA,-18.7053067369213,NA,81.2946932630787,NA,-0.510113835190115,NA
169.34,56.75,535,2021,6.61,NA,55.1292743953295,NA,155.129274395329,NA,1.00753532773307,NA
170.19,58.47,594,2021,-5.58,NA,-20.3056768558952,NA,79.6943231441048,NA,-0.583542407770355,NA
175.22,125.58,627,2021,-9.24,NA,-44.1260744985673,NA,55.8739255014327,NA,-1.67187073724905,NA
165.24,44.21,645,2021,-9.46,NA,-27.5320139697323,NA,72.4679860302678,NA,-1.1292496255831,NA
213.38,160.4,749,2021,-1.58,NA,-12.1725731895223,NA,87.8274268104777,NA,-0.479017643403772,NA
217.18,175.38,761,2021,-1.04,NA,-7.15268225584594,NA,92.8473177441541,NA,-0.270310776127898,NA
217.6,166.84,770,2021,-1.05,NA,-8.86075949367088,NA,91.1392405063291,NA,-0.444213063852523,NA
130.57,154.25,774,2021,-3.69,NA,-23.3692210259658,NA,76.6307789740342,NA,-0.619152113355852,NA
168.89,56,803,2021,-2.12,NA,-10.484668644906,NA,89.515331355094,NA,-0.37802535775256,NA
179.69,145.07,805,2021,-6.08,NA,-42.5770308123249,NA,57.4229691876751,NA,-1.24039736351535,NA
157.09,140.56,830,2021,-11.19,NA,-31.3533202577753,NA,68.6466797422247,NA,-1.09071200715399,NA
166.88,138.79,845,2021,-8.94,NA,-28.1663516068053,NA,71.8336483931947,NA,-0.974375105096268,NA
154.9,133.44,637,2021,-2.26,NA,-7.88555478018144,NA,92.1144452198185,NA,-0.307097470447156,NA
193.25,117.53,576,2021,-3.49,NA,-28.6300246103363,NA,71.3699753896637,NA,-1.17022326020797,NA
226.58,133.88,347,2021,-14.21,NA,-35.605111500877,NA,64.394888499123,NA,-1.57898744330707,NA
188.1,101.11,727,2021,-2.93,NA,-11.9934506753991,NA,88.0065493246009,NA,-0.456994425751981,NA
119.78,205.54,1006,2021,-0.109999999999999,NA,-0.964066608238382,NA,99.0359333917616,NA,-0.0276531889720667,NA
86.75,163.12,750,2021,-0.61,-63.5,-50.4132231404959,-43.6426116838488,49.5867768595041,56.3573883161512,-0.974148711781973,-1.63145602412804
65.62,212.99,340,2021,-8.13,NA,-39.2185238784371,NA,60.7814761215629,NA,-1.05364383398481,NA
132.53,226.21,443,2021,-1.55,NA,-21.6783216783217,NA,78.3216783216783,NA,-0.754478533192851,NA
150.25,183.03,454,2021,-1.54,NA,-14.0767824497258,NA,85.9232175502742,NA,-0.392281188801839,NA
150.59,199.15,527,2021,-9.06,NA,-51.3023782559456,NA,48.6976217440544,NA,-1.03617959213116,NA
151.37,235.43,334,2021,-12.18,NA,-57.7798861480076,NA,42.2201138519924,NA,-1.59401388593591,NA
110.45,227.42,337,2021,-7.02,NA,-33.7175792507205,NA,66.2824207492795,NA,-1.47748188176712,NA
115.87,173.51,373,2021,0.720000000000001,NA,6.80529300567108,NA,106.805293005671,NA,0.17673124557348,NA
106.62,166.41,445,2021,-1.15,NA,-16.3120567375886,NA,83.6879432624114,NA,-0.362126151401695,NA
138.68,177.02,476,2021,-5.46,NA,-32.7731092436975,NA,67.2268907563025,NA,-2.16344397828657,NA
114.84,175.06,498,2021,-2.97,NA,-14.1630901287554,NA,85.8369098712446,NA,-0.429647880610471,NA
141.23,209.72,503,2021,-6.07,NA,-35.9810314167161,NA,64.0189685832839,NA,-1.34538327914973,NA
113.16,178.04,569,2021,-1.76,NA,-15.4929577464789,NA,84.5070422535211,NA,-0.319440808026546,NA
144.79,204.65,570,2021,-3.19,NA,-22.6401703335699,NA,77.3598296664301,NA,-0.910195174199321,NA
65.71,215.95,652,2021,-18.72,NA,-46.8937875751503,NA,53.1062124248497,NA,-1.16654799393869,NA
137.08,189.86,811,2021,-3.67,NA,-52.6542324246772,NA,47.3457675753228,NA,-1.03692268955126,NA
144.98,238.39,849,2021,-10.05,NA,-69.5501730103806,NA,30.4498269896194,NA,-1.70285996035946,NA
139.59,178.11,573,2021,-1.44,NA,-13.162705667276,NA,86.837294332724,NA,-0.494420297285426,NA
144.86,179.67,336,2021,-2.8,NA,-28.2828282828283,NA,71.7171717171717,NA,-0.914665898799321,NA
140.62,211.82,417,2021,-7.27,NA,-38.7320191795418,NA,61.2679808204582,NA,-1.36067956880306,NA
148.62,199.86,453,2021,-5.72,NA,-35.7053682896379,NA,64.2946317103621,NA,-1.21395378375207,NA
138.86,183.09,548,2021,-4.83,NA,-26.6409266409266,NA,73.3590733590734,NA,-1.12906843839602,NA
64.68,219.3,615,2021,-8.81,NA,-38.9650597080938,NA,61.0349402919062,NA,-0.980336255884481,NA
148.24,180.83,746,2021,-3.94,NA,-35.0533807829182,NA,64.9466192170818,NA,-1.03914748244008,NA
152.28,178.76,698,2021,-5.65,NA,-25.3932584269663,NA,74.6067415730337,NA,-1.74914311134958,NA
148.96,178.97,321,2021,-6.11,NA,-28.9436286120322,NA,71.0563713879678,NA,-1.19204794711399,NA
254.38,122.06,981,2021,-1.45,NA,-29.8969072164949,NA,70.1030927835051,NA,-0.636104968249646,NA
234.26,105.22,929,2021,-2.65,NA,-18.213058419244,NA,81.786941580756,NA,-1.06440868609535,NA
217.86,108.46,916,2021,-9.7,NA,-45.3271028037383,NA,54.6728971962617,NA,-2.67389155513686,NA
194.02,73.38,901,2021,-7.37,NA,-22.4900823924321,NA,77.5099176075679,NA,-1.37400506018809,NA
238.96,83.18,1008,2021,-6.12222222222222,NA,-38.9399293286219,NA,61.0600706713781,NA,-3.105309720198,NA
238.29,82.64,1009,2021,-2.66666666666667,NA,-22.2841225626741,NA,77.7158774373259,NA,-1.54152883470955,NA
234.17,104.76,365,2021,-5.53,NA,-24.4365885992046,NA,75.5634114007954,NA,-1.4199677128138,NA
195.75,58.78,346,2021,-2.27,NA,-22.3205506391347,NA,77.6794493608653,NA,-1.08025856009306,NA
224.67,116.85,590,2021,-6.32,NA,-30.9500489715965,NA,69.0499510284035,NA,-1.43844553940359,NA
188.91,68.43,783,2021,-3.31,NA,-20.9361163820367,NA,79.0638836179633,NA,-0.868686284829831,NA
222.21,92.72,893,2021,-4.12,NA,-39.922480620155,NA,60.077519379845,NA,-3.15824481571797,NA
215.76,121.75,753,2021,-1.01,NA,-18.0035650623886,NA,81.9964349376114,NA,-0.871459963715871,NA
215.18,54.05,458,2021,-3.75,NA,-44.9101796407186,NA,55.0898203592814,NA,-1.27100389074658,NA
197.94,64.68,562,2021,-0.51,NA,-4.21139554087531,NA,95.7886044591247,NA,-0.146447361066212,NA
213.75,75.68,413,2021,-1.53,NA,-17.728852838934,NA,82.271147161066,NA,-0.416583009863641,NA
211.92,74.92,414,2021,-12.42,NA,-31.6675165731769,NA,68.3324834268231,NA,-1.07446879535293,NA
242.47,101.67,725,2021,-8.17,NA,-41.5353329944077,NA,58.4646670055923,NA,-3.04852161082964,NA
212.15,66.85,876,2021,-2.71,NA,-28.1997918834547,NA,71.8002081165453,NA,-1.12173682923353,NA
202.13,109.89,656,2021,-4.11,NA,-23.8814642649622,NA,76.1185357350378,NA,-1.31133857693237,NA
214.25,80.6,903,2021,-2.35,NA,-15.7190635451505,NA,84.2809364548495,NA,-0.830706260574198,NA
202.26,94.71,313,2021,-7.2,NA,-39.1304347826087,NA,60.8695652173913,NA,-2.23429679635275,NA
210.21,102.74,315,2021,-3.86,NA,-42.1397379912664,NA,57.8602620087336,NA,-2.53518567585156,NA
198.2,129.92,318,2021,-4.76,NA,-46.8503937007874,NA,53.1496062992126,NA,-2.30190875366432,NA
193.06,113.52,355,2021,-1.96,NA,-17.2535211267606,NA,82.7464788732395,NA,-0.593473324055659,NA
231.26,89.61,360,2021,-5.1,NA,-23.0769230769231,NA,76.9230769230769,NA,-1.24132057795365,NA
242.51,119.66,363,2021,-2.15,NA,-22.5130890052356,NA,77.4869109947644,NA,-0.85533686968564,NA
245.85,89.49,919,2021,-3.31,NA,-29.5272078501338,NA,70.4727921498662,NA,-2.33993853419873,NA
191.86,113.3,436,2021,-8.06,NA,-25.3778337531486,NA,74.6221662468514,NA,-1.16459613517988,NA
186.26,43.1,510,2021,-1.54,NA,-14.0767824497258,NA,85.9232175502742,NA,-0.455700198851039,NA
218.14,110.48,603,2021,-7.2,NA,-36.734693877551,NA,63.265306122449,NA,-2.15162496224836,NA
204.99,36.02,613,2021,-2.09,NA,-16.6004765687053,NA,83.3995234312947,NA,-0.447367816606596,NA
242.49,120.75,635,2021,-4.32,NA,-19.1829484902309,NA,80.8170515097691,NA,-0.860003580078749,NA
231.62,89.23,690,2021,-3.32,NA,-31.8618042226488,NA,68.1381957773512,NA,-1.64597747903224,NA
245.41,116.8,696,2021,-4.16,NA,-21.2678936605317,NA,78.7321063394683,NA,-1.08911968362044,NA
202.47,91.01,850,2021,-4.6,NA,-18.9300411522634,NA,81.0699588477366,NA,-0.835489476590658,NA
199.65,43.09,469,2021,-0.9,NA,-6.47482014388489,NA,93.5251798561151,NA,-0.281341597462126,NA
241.94,101.15,700,2021,-2.5,NA,-35.7142857142857,NA,64.2857142857143,NA,-1.67705098312484,NA
198.42,98.85,381,2021,-0.48,NA,-6.09137055837563,NA,93.9086294416244,NA,-0.211682319627568,NA
217.42,121.15,403,2021,-7.32,NA,-39.9563318777293,NA,60.0436681222707,NA,-2.27866553869513,NA
218.72,126.43,813,2021,-4.91,NA,-34.3116701607268,NA,65.6883298392732,NA,-1.63597001295397,NA
213.4,125.53,448,2021,-6.07,NA,-52.4632670700086,NA,47.5367329299914,NA,-3.43639960972188,NA
202.49,77.6,604,2021,0.8,NA,15.3846153846154,NA,115.384615384615,NA,0.535853136826928,NA
202.28,35.51,482,2021,-4.66,NA,-10.6978879706153,NA,89.3021120293847,NA,-0.512757771352177,NA
211.7,51.89,307,2021,-5.09,NA,-14.8008141901716,NA,85.1991858098284,NA,-0.564770149251175,NA
178.66,35.84,311,2021,-3.38,NA,-20.5097087378641,NA,79.4902912621359,NA,-0.76547161681088,NA
175.21,26.13,918,2021,-1.32,NA,-13.5802469135802,NA,86.4197530864197,NA,-0.680376216487425,NA
189.79,30.67,500,2021,-3.49,NA,-23.4385493619879,NA,76.5614506380121,NA,-1.03806439197204,NA
173.33,25.95,516,2021,-7.23,NA,-27.7756434882828,NA,72.2243565117172,NA,-1.1633062375687,NA
213.79,56.86,649,2021,-2.78,NA,-14.1260162601626,NA,85.8739837398374,NA,-0.630956925340842,NA
174.3,44.59,932,2021,-8.33,NA,-23.1196225367749,NA,76.8803774632251,NA,-0.794049481181703,NA
188.52,30.41,787,2021,-13.77,NA,-36.1702127659574,NA,63.8297872340426,NA,-1.93260963637506,NA
214.22,56.94,847,2021,-2.52,NA,-23.728813559322,NA,76.271186440678,NA,-1.13461853569889,NA
217.49,89.94,487,2021,-1.03,NA,-12.3649459783914,NA,87.6350540216086,NA,-0.804813043510361,NA
227.01,132.19,609,2021,-7.23,NA,-30.8578745198464,NA,69.1421254801537,NA,-1.22669497553792,NA
203.04,77.92,657,2021,-2.37,NA,-19.966301600674,NA,80.033698399326,NA,-1.37750866521527,NA
180.66,98.78,662,2021,1.78,NA,13.1656804733728,NA,113.165680473373,NA,0.457739695643482,NA
216.16,91.47,722,2021,-3.65,NA,-22.0543806646526,NA,77.9456193353474,NA,-1.2372683893754,NA
260.56,58.98,917,2021,-0.0599999999999996,NA,-1.18577075098813,NA,98.8142292490119,NA,-0.0491649153242039,NA
182.82,90.15,835,2021,-0.0700000000000003,NA,-0.419916016796642,NA,99.5800839832034,NA,-0.0115625549344542,NA
181.93,89.97,836,2021,-2.82,NA,-7.20858895705522,NA,92.7914110429448,NA,-0.27728972523671,NA
226.62,131.69,858,2021,-3.61,NA,-24.2119382964453,NA,75.7880617035547,NA,-1.04159175038239,NA
224.61,123.88,328,2021,-7.5,NA,-40.1069518716578,NA,59.8930481283422,NA,-2.00557383170166,NA
225.7,123.84,385,2021,-10.6,NA,-36.3013698630137,NA,63.6986301369863,NA,-1.71979851489976,NA
258.37,88.72,427,2021,-6.59,NA,-40.2074435631483,NA,59.7925564368517,NA,-1.82330892231,NA
191.88,91.02,433,2021,-1.61,NA,-15.1743638077286,NA,84.8256361922714,NA,-0.632093918724159,NA
241.07,86.13,437,2021,-1.9,NA,-17.9245283018868,NA,82.0754716981132,NA,-1.0771987480763,NA
246.53,124.87,480,2021,-9.29,NA,-25.5993386607881,NA,74.4006613392119,NA,-1.05124986511391,NA
177.84,70.63,530,2021,-10.01,NA,-24.5283018867925,NA,75.4716981132075,NA,-0.860783955774489,NA
193.31,89.97,760,2021,-2.83,NA,-12.8461189287336,NA,87.1538810712665,NA,-0.469526072900441,NA
241.92,86.48,781,2021,-3.82,NA,-16.4513350559862,NA,83.5486649440138,NA,-1.00258208156333,NA
227.71,130.76,924,2021,-1.69,NA,-16.1105815061964,NA,83.8894184938036,NA,-0.5589717379127,NA
246.96,125.15,862,2021,-2,NA,-8.13008130081301,NA,91.869918699187,NA,-0.329610630216787,NA
199.02,87.3,349,2021,-0.92,NA,-7.98611111111111,NA,92.0138888888889,NA,-0.370825745734009,NA
199.85,86.13,410,2021,0.29,NA,5.67514677103718,NA,105.675146771037,NA,0.234289522269185,NA
199.7,93.58,930,2021,-4.16,NA,-33.931484502447,NA,66.068515497553,NA,-1.49266920021417,NA
232.21,115.21,754,2021,-7.17,NA,-27.5028768699655,NA,72.4971231300345,NA,-1.17064626667307,NA
232.4,113.04,578,2021,-2.27,NA,-19.9648197009675,NA,80.0351802990325,NA,-1.1800990868733,NA
255.89,123.37,407,2021,-7.92,NA,-44.9489216799092,NA,55.0510783200908,NA,-1.55285494231388,NA
216.33,130.44,568,2021,-5.09,NA,-45.8972046889089,NA,54.1027953110911,NA,-2.10088771755279,NA
196.33,58.89,646,2021,-9.67,NA,-24.132767656601,NA,75.8672323433991,NA,-1.83058086843883,NA
198.42,48.77,664,2021,-9.17,NA,-21.5917117965623,NA,78.4082882034377,NA,-1.51350220742144,NA
197.59,68.12,667,2021,-10.87,NA,-25.4745722990391,NA,74.5254277009609,NA,-1.18463531190479,NA
207.89,47.48,693,2021,-17.6,NA,-77.5330396475771,NA,22.4669603524229,NA,-2.65122518994823,NA
245.31,125.78,670,2021,-0.89,NA,-10.360884749709,NA,89.639115250291,NA,-0.376060068061229,NA
187.89,343.55,969,2021,-3.62,NA,-42.9928741092637,NA,57.0071258907363,NA,-0.766547070965001,NA
185.81,330.15,927,2021,-9.2,NA,-44.6601941747573,NA,55.3398058252427,NA,-0.923102736984042,NA
223.05,372.28,902,2021,-3.8,-43.3,-67.8571428571429,-25.4257193188491,32.1428571428571,74.5742806811509,-1.14332045096326,-2.5367900512574
218.64,370.11,866,2021,-2.82,-32.7,-65.2777777777778,-20.3484754200373,34.7222222222222,79.6515245799627,-1.02086394838798,-1.85653663283136
193.58,352.87,705,2021,-7.45,NA,-52.280701754386,NA,47.719298245614,NA,-0.968499435042161,NA
224.63,370.07,416,2021,-3.3,-9.80000000000001,-68.75,-6.25000000000001,31.25,93.75,-0.929260043838585,-0.457391612125616
181.53,335.42,488,2021,-3.63,NA,-38.9067524115756,NA,61.0932475884244,NA,-0.596123320141139,NA
176.4,332.99,861,2021,-0.85,-8.80000000000001,-15.8878504672897,-5.64826700898589,84.1121495327103,94.3517329910141,-0.208217039248817,-0.373666392176282
186.87,349.8,308,2021,-2.07,NA,-27.710843373494,NA,72.289156626506,NA,-0.444159876989141,NA
186.64,339.14,640,2021,-2.8,NA,-33.7349397590361,NA,66.2650602409638,NA,-0.476182518702316,NA
221.33,372.91,511,2021,-8.52,NA,-70.8818635607321,NA,29.1181364392679,NA,-1.52855067137317,NA
197.95,354.89,519,2021,-3.41,NA,-46.0188933873144,NA,53.9811066126856,NA,-0.692372505657919,NA
219.49,366.71,617,2021,-8.08,NA,-77.0992366412214,NA,22.9007633587786,NA,-1.64002559852546,NA
218.97,365.31,310,2021,-6.94,-46.5,-76.7699115044248,-25.7617728531856,23.2300884955752,74.2382271468144,-1.75695264141457,-4.00951470610081
193.26,365.19,877,2021,-3.34,-28.3,-39.5734597156398,-17.5449473031618,60.4265402843602,82.4550526968382,-0.725318018178721,-2.0446852511404
300.15,295.27,1005,2021,-4,NA,-26.3157894736842,NA,73.6842105263158,NA,-0.728759870825138,NA
295.88,247.57,970,2021,-6.92,NA,-40.4205607476636,NA,59.5794392523364,NA,-1.60869341681232,NA
291.52,257.22,938,2021,-6.08,NA,-52.5043177892919,NA,47.4956822107081,NA,-2.34316491310801,NA
300.93,250.29,936,2021,-6.22,NA,-65.3361344537815,NA,34.6638655462185,NA,-1.79079024685272,NA
297.26,251.89,935,2021,-5.1,NA,-40.8,NA,59.2,NA,-1.48007541881073,NA
284.66,223.03,940,2021,-7.49,NA,-29.9719887955182,NA,70.0280112044818,NA,-1.62890677824851,NA
295.15,254.53,937,2021,-5,NA,-40.3225806451613,NA,59.6774193548387,NA,-1.76998081351197,NA
291.39,263.15,939,2021,-2.61,NA,-33.852140077821,NA,66.147859922179,NA,-1.11869700365043,NA
299.48,289.93,914,2021,-2.56,NA,-33.8624338624339,NA,66.1375661375661,NA,-0.968019377387384,NA
285.66,236.12,913,2021,-2.25,NA,-18.0722891566265,NA,81.9277108433735,NA,-0.719041915743265,NA
254.75,293.88,904,2021,-15.18,NA,-56.0561299852289,NA,43.9438700147711,NA,-1.655730726188,NA
252.18,293.77,905,2021,-10.08,NA,-57.9976985040276,NA,42.0023014959724,NA,-1.59971788768184,NA
284.2,256.64,547,2021,-4.28,NA,-27.2959183673469,NA,72.7040816326531,NA,-0.98549053401788,NA
295.84,249.54,602,2021,-9.93,NA,-46.1216906641895,NA,53.8783093358105,NA,-1.9431158311698,NA
298.05,287.15,773,2021,-4.66,NA,-21.9190968955785,NA,78.0809031044215,NA,-0.73686800900446,NA
259.08,289.57,387,2021,-4.65,NA,-39.2405063291139,NA,60.7594936708861,NA,-1.01761131692674,NA
265.78,258.89,675,2021,-6.88,NA,-48.1792717086835,NA,51.8207282913165,NA,-1.49684736226453,NA
301.98,301.16,829,2021,-1.47,NA,-12.8160418482999,NA,87.1839581517001,NA,-0.471877760329519,NA
251.43,271.84,409,2021,-7.17,NA,-37.2080954852102,NA,62.7919045147898,NA,-1.39095599261585,NA
277.98,236.57,426,2021,-4.51,NA,-34.9341595662277,NA,65.0658404337723,NA,-1.2913915570122,NA
255.72,286.29,465,2021,-6.03,NA,-37.6169681846538,NA,62.3830318153462,NA,-1.30471470861154,NA
258.56,258.64,622,2021,-9.41,NA,-50.8373851971907,NA,49.1626148028093,NA,-1.69309548024119,NA
261.18,287.85,632,2021,-9.43,NA,-45.2712433989438,NA,54.7287566010562,NA,-1.49755714448727,NA
283.23,256.32,658,2021,-0.94,NA,-11.2709832134293,NA,88.7290167865708,NA,-0.323510240259482,NA
283.71,232.82,709,2021,-13.03,NA,-48.5650391352963,NA,51.4349608647037,NA,-1.68820880254811,NA
274.06,237.42,717,2021,-9.7,NA,-35.5311355311355,NA,64.4688644688645,NA,-1.8924052593372,NA
255.5,289.34,739,2021,-5.25,NA,-41.8326693227092,NA,58.1673306772908,NA,-1.38593148124131,NA
259.53,288.75,780,2021,-8.47,NA,-33.5180055401662,NA,66.4819944598338,NA,-1.04871058713129,NA
296.79,237.33,793,2021,-4.47,NA,-52.1586931155193,NA,47.8413068844807,NA,-2.13203901327735,NA
261.48,293.84,797,2021,-8.24,NA,-41.3239719157473,NA,58.6760280842527,NA,-0.974388952591493,NA
274.6,239.91,827,2021,-14,NA,-74.0740740740741,NA,25.9259259259259,NA,-3.61024108578673,NA
268.38,289.39,839,2021,-1.86,NA,-25.6198347107438,NA,74.3801652892562,NA,-0.589021961475137,NA
263.54,293.87,843,2021,-5.75,NA,-32.2128851540616,NA,67.7871148459384,NA,-0.7593116550893,NA
275.57,295.51,874,2021,-8.68,NA,-25.1740139211137,NA,74.8259860788863,NA,-0.706691901713342,NA
282.52,218.83,859,2021,-6.2,NA,-20.5298013245033,NA,79.4701986754967,NA,-0.831053070183818,NA
272.01,244.88,345,2021,-10.93,NA,-39.5584509591024,NA,60.4415490408976,NA,-2.03073572972715,NA
273.89,260.08,669,2021,-6.4,NA,-34.9726775956284,NA,65.0273224043716,NA,-1.05763053673162,NA
275.23,261.56,737,2021,-18.22,NA,-48.1755684822845,NA,51.8244315177155,NA,-1.8968923871374,NA
304.66,301.86,303,2021,-2.4,NA,-26.3736263736264,NA,73.6263736263736,NA,-0.549634334897213,NA
301.38,236.05,322,2021,-6.33,NA,-33.4389857369255,NA,66.5610142630745,NA,-1.29138561438721,NA
264.12,289.09,327,2021,-9.13,NA,-38.1529460927706,NA,61.8470539072294,NA,-1.09112162544771,NA
283.88,261.01,369,2021,-3.18,NA,-28.7003610108303,NA,71.2996389891697,NA,-0.925664063239161,NA
276.56,264.58,380,2021,-5.72,NA,-38.3378016085791,NA,61.6621983914209,NA,-1.34706991379751,NA
302.47,238.35,412,2021,-1.16,NA,-20.1388888888889,NA,79.8611111111111,NA,-0.672924068727971,NA
280.41,306.17,431,2021,-8.94,NA,-31.9971367215462,NA,68.0028632784538,NA,-1.0159936439444,NA
283.46,229.28,457,2021,-6.32,NA,-29.097605893186,NA,70.902394106814,NA,-1.84981332051189,NA
290.21,255.32,485,2021,-9.92,NA,-49.7991967871486,NA,50.2008032128514,NA,-2.44430886653464,NA
296.29,250.03,505,2021,-6.88,NA,-39.3592677345538,NA,60.6407322654462,NA,-1.34413062473042,NA
292.48,256.01,531,2021,-6.32,NA,-39.2059553349876,NA,60.7940446650124,NA,-1.90559019489194,NA
261.84,283.97,538,2021,-4.44,NA,-31.4002828854314,NA,68.5997171145686,NA,-1.47037423465578,NA
282.69,261.1,542,2021,-7.05,NA,-40.4011461318052,NA,59.5988538681948,NA,-1.73990117998993,NA
283.28,255.88,556,2021,-3.71,NA,-30.3849303849304,NA,69.6150696150696,NA,-1.02761278291428,NA
279.57,298.16,580,2021,-2.87,NA,-19.0444591904446,NA,80.9555408095554,NA,-0.515373940727244,NA
257.43,286.28,586,2021,-5.04,NA,-32.6424870466321,NA,67.3575129533679,NA,-1.12509218687208,NA
252.96,283.73,589,2021,-6.69,NA,-40.3254972875226,NA,59.6745027124774,NA,-1.93744462512918,NA
284.14,239.25,607,2021,-3.75,NA,-31.6455696202532,NA,68.3544303797468,NA,-1.36001945009625,NA
271.52,258.7,618,2021,-8.93,NA,-45.9598558929491,NA,54.040144107051,NA,-1.58136094443264,NA
272.01,292.02,624,2021,-5.44,NA,-26.7453294001967,NA,73.2546705998033,NA,-0.843206506768649,NA
302.59,242.1,663,2021,-5.37,NA,-40.7744874715262,NA,59.2255125284738,NA,-1.6721391644765,NA
282.39,266.79,680,2021,-3.37,NA,-32.8140214216164,NA,67.1859785783836,NA,-0.973281393164942,NA
298.32,233.75,688,2021,-2.55,NA,-26.4248704663212,NA,73.5751295336787,NA,-1.49899179017847,NA
261.22,284.77,713,2021,-9.05,NA,-36.2725450901804,NA,63.7274549098196,NA,-1.6688664253203,NA
296.16,222.98,718,2021,-6.81,NA,-38.4528514963298,NA,61.5471485036702,NA,-1.7644289773023,NA
270.09,283.64,762,2021,-5.52,NA,-36.2680683311432,NA,63.7319316688568,NA,-1.62794795448215,NA
291.67,248,802,2021,-5.09,NA,-42.1009098428453,NA,57.8990901571547,NA,-1.68537502695137,NA
303.56,304.39,857,2021,-2.42,NA,-21.3780918727915,NA,78.6219081272085,NA,-0.620635245850998,NA
300.34,233.3,870,2021,-6.38,NA,-34.3379978471475,NA,65.6620021528525,NA,-1.75076924375478,NA
268.38,241.8,378,2021,-6,NA,-38.2165605095541,NA,61.7834394904459,NA,-2.30921102605853,NA
258.88,289.77,386,2021,-6,NA,-41.958041958042,NA,58.041958041958,NA,-1.08992869610222,NA
286.05,232.65,408,2021,-4.65,NA,-19.8294243070362,NA,80.1705756929638,NA,-0.935788599923189,NA
290.96,252.98,415,2021,-6.47,NA,-40.5134627426425,NA,59.4865372573575,NA,-1.76104866008042,NA
302.19,304.26,430,2021,-0.830000000000002,NA,-5.91589451176053,NA,94.0841054882395,NA,-0.222782781044405,NA
300.54,224.97,438,2021,-5.8,NA,-31.0160427807487,NA,68.9839572192514,NA,-1.46420250224084,NA
281.17,221.97,467,2021,-7.03,NA,-34.4101811062163,NA,65.5898188937837,NA,-1.62625301417172,NA
297.96,230.86,551,2021,-9.55,NA,-39.7089397089397,NA,60.2910602910603,NA,-1.72407452302516,NA
301.55,244.19,564,2021,-4.33,NA,-35.117599351176,NA,64.882400648824,NA,-1.19068629171911,NA
298.83,233.59,565,2021,-8.17,NA,-34.084272006675,NA,65.915727993325,NA,-1.78519837155943,NA
260.78,285.6,629,2021,-5.03,NA,-31.9771137952956,NA,68.0228862047044,NA,-1.31053491126522,NA
261.68,259.26,682,2021,-12.62,NA,-45.3630481667865,NA,54.6369518332135,NA,-1.37093310552568,NA
285.78,274.42,701,2021,-6.95,NA,-42.2492401215805,NA,57.7507598784195,NA,-1.76920593558522,NA
285.11,229.24,825,2021,-15.14,NA,-33.8399642378185,NA,66.1600357621815,NA,-1.69981982493837,NA
301.91,242.25,838,2021,-8.01,NA,-44.9747332959012,NA,55.0252667040988,NA,-2.15700987147076,NA
274.91,295.21,840,2021,-7.96,NA,-25.4638515674984,NA,74.5361484325016,NA,-0.616216719749033,NA
287.8,249.78,842,2021,-10.68,NA,-47.2984942426926,NA,52.7015057573074,NA,-1.9253194575012,NA
294.28,234.43,869,2021,-6.38,NA,-40.9499358151476,NA,59.0500641848524,NA,-1.51015141121443,NA
298.11,246.92,335,2021,-8.69,NA,-40.6264609630669,NA,59.3735390369331,NA,-1.79999118075344,NA
192.22,272.93,983,2021,-6.33,NA,-47.1332836932241,NA,52.8667163067759,NA,-1.10849814230672,NA
203.71,211.45,972,2021,-4.1,NA,-20.3980099502488,NA,79.6019900497512,NA,-0.71489882669506,NA
203.27,209.16,971,2021,-11.14,NA,-40.014367816092,NA,59.985632183908,NA,-1.57315622876207,NA
183.17,281.38,907,2021,-6.78,NA,-62.3161764705882,NA,37.6838235294118,NA,-1.15371692843276,NA
196.15,215.93,906,2021,-4.43,NA,-29.6718017414601,NA,70.3281982585399,NA,-1.55185652753303,NA
204.5,210.69,896,2021,-6.48,NA,-32.2709163346614,NA,67.7290836653386,NA,-1.0728777448039,NA
205.04,215.44,628,2021,-9.55,NA,-35.4359925788497,NA,64.5640074211503,NA,-1.22163455184594,NA
204.39,217.32,766,2021,-25.38,NA,-51.6063440422936,NA,48.3936559577064,NA,-1.72781664094055,NA
204.55,211.37,596,2021,-10.87,NA,-36.0291680477295,NA,63.9708319522705,NA,-1.28685269281761,NA
188.75,216.41,631,2021,-8.03,NA,-38.0028395646001,NA,61.9971604353999,NA,-1.49055972486286,NA
206.67,216.59,814,2021,-14.73,NA,-54.2941393291559,NA,45.7058606708441,NA,-1.63916328906179,NA
205.79,216.89,366,2021,-12.45,NA,-49.112426035503,NA,50.887573964497,NA,-1.56167512819998,NA
230.98,282.5,383,2021,-8.6,NA,-53.0864197530864,NA,46.9135802469136,NA,-0.921040969924387,NA
199.1,268.76,452,2021,-4.26,NA,-48.6301369863014,NA,51.3698630136986,NA,-1.42049111886643,NA
234.96,249.93,461,2021,-4.88,NA,-55.5808656036446,NA,44.4191343963554,NA,-1.26841941852162,NA
156.49,277.2,583,2021,-3.07,-19.8,-51.4237855946399,-12.7086007702182,48.5762144053601,87.2913992297818,-0.762170211762557,-0.908422559412536
179.02,281.32,593,2021,-4.89,NA,-64.4268774703557,NA,35.5731225296443,NA,-0.971951680544074,NA
224.74,212.17,521,2021,-4.37,NA,-36.81550126369,NA,63.18449873631,NA,-1.52009834182617,NA
232.99,214.29,522,2021,-3.12,NA,-39.8976982097187,NA,60.1023017902813,NA,-1.87515290755548,NA
229.31,213.52,528,2021,-3.33,NA,-43.6435124508519,NA,56.3564875491481,NA,-3.11261778520104,NA
188.57,252.12,694,2021,-9.81,NA,-43.971313312416,NA,56.028686687584,NA,-2.14840985032452,NA
221.78,216.35,513,2021,-9.27,NA,-42.0027186225646,NA,57.9972813774354,NA,-1.90104802135979,NA
200.91,248.44,329,2021,-0.92,NA,-9.97830802603037,NA,90.0216919739696,NA,-0.391121646885034,NA
203.14,199.17,333,2021,-6.37,NA,-31.2714776632302,NA,68.7285223367698,NA,-0.992756072950144,NA
198.61,258.26,348,2021,-1.7,NA,-17,NA,83,NA,-0.724882435609075,NA
175.8,276.98,390,2021,-8.71,NA,-55.7975656630365,NA,44.2024343369635,NA,-1.24718930426842,NA
231.73,217.2,396,2021,-10.05,NA,-60,NA,40,NA,-1.35997893821634,NA
197.6,256.09,475,2021,-8.42,NA,-39.8674242424242,NA,60.1325757575758,NA,-2.17923875345343,NA
224.14,217.16,481,2021,-9.61,NA,-49.510561566203,NA,50.489438433797,NA,-1.44061969017689,NA
184.76,260.34,557,2021,-6.39,NA,-36.9577790630422,NA,63.0422209369578,NA,-1.64231118683181,NA
236.73,268.52,572,2021,-5.08,NA,-40.7051282051282,NA,59.2948717948718,NA,-1.28055471755328,NA
219.28,213.31,579,2021,-5.35,NA,-38.9090909090909,NA,61.0909090909091,NA,-1.8465972054015,NA
183.25,264.07,621,2021,-6.58,NA,-46.4033850493653,NA,53.5966149506347,NA,-1.42805218401018,NA
173.78,278.61,626,2021,-16.71,NA,-58.4061516952115,NA,41.5938483047885,NA,-1.02457958933968,NA
202.58,231.21,686,2021,-6.72,NA,-39.7163120567376,NA,60.2836879432624,NA,-1.30410747418738,NA
220.01,220.28,720,2021,-4.96,NA,-52.991452991453,NA,47.008547008547,NA,-1.401132428126,NA
194.86,218.59,723,2021,-10.37,NA,-41.696823482107,NA,58.303176517893,NA,-1.59418811316321,NA
172.81,278.22,853,2021,-9.29,NA,-53.7304800462695,NA,46.2695199537305,NA,-1.10027626640807,NA
213.58,217.94,330,2021,-5.4,NA,-50.9433962264151,NA,49.0566037735849,NA,-1.61468031799071,NA
202.82,199.11,332,2021,-13.77,NA,-35.3348729792148,NA,64.6651270207852,NA,-1.11176159173206,NA
184.58,264.31,339,2021,-10.94,NA,-53.7856440511308,NA,46.2143559488692,NA,-1.47407168498254,NA
191.02,260.75,364,2021,-10.23,NA,-71.3886950453594,NA,28.6113049546406,NA,-2.98142483169502,NA
221.73,219.88,368,2021,-10.73,NA,-51.0223490252021,NA,48.9776509747979,NA,-1.37641924578163,NA
202.85,248.98,371,2021,-7.37,NA,-42.6751592356688,NA,57.3248407643312,NA,-1.56678137679642,NA
212.22,193.81,374,2021,-4.79,NA,-26.3331500824629,NA,73.6668499175371,NA,-1.10863987416442,NA
215.22,212.89,392,2021,-12.17,NA,-50.3516756309475,NA,49.6483243690525,NA,-2.31744838133085,NA
215.03,211.97,393,2021,-7.43,NA,-44.1473559120618,NA,55.8526440879382,NA,-2.35690319630158,NA
208.64,233.09,400,2021,-5.67,NA,-40.8795962509012,NA,59.1204037490988,NA,-1.52704442274835,NA
212.88,223.36,432,2021,-2.8,NA,-29.7872340425532,NA,70.2127659574468,NA,-0.690802554924659,NA
209.91,224.21,435,2021,-7.33,NA,-44.0769693325316,NA,55.9230306674684,NA,-1.2890301189345,NA
202.07,250.63,444,2021,-6.07,NA,-43.4502505368647,NA,56.5497494631353,NA,-1.36160807563112,NA
209.32,199.53,455,2021,-5.68,NA,-31.4159292035398,NA,68.5840707964602,NA,-0.9768997866212,NA
203.41,208.3,474,2021,-20.2,NA,-51.010101010101,NA,48.989898989899,NA,-1.67482573617758,NA
197.71,255.45,495,2021,-4.01,NA,-41.29763130793,NA,58.70236869207,NA,-1.99590058550965,NA
177.84,281.11,514,2021,-5.57,NA,-57.6008273009307,NA,42.3991726990693,NA,-0.837132955511447,NA
217.79,214.4,517,2021,-6.05,NA,-37.2307692307692,NA,62.7692307692308,NA,-1.33947427547476,NA
210.4,201.93,533,2021,-7.61,NA,-37.2856442920137,NA,62.7143557079863,NA,-1.44018794860822,NA
216.81,234.38,543,2021,-6.29,NA,-49.9602859412232,NA,50.0397140587768,NA,-1.37452276492167,NA
239.18,219.39,559,2021,-8.04,NA,-69.0721649484536,NA,30.9278350515464,NA,-2.12443822182048,NA
170.09,278.84,561,2021,-13.65,NA,-56.7567567567568,NA,43.2432432432432,NA,-1.04959811053814,NA
224.39,219.85,566,2021,-6.64,NA,-49.7751124437781,NA,50.2248875562219,NA,-1.43385811693505,NA
204.69,198.76,582,2021,-4.26,NA,-35.61872909699,NA,64.38127090301,NA,-1.21365824811003,NA
164.13,278.19,592,2021,-4.85,NA,-53.5911602209945,NA,46.4088397790055,NA,-0.976697056884062,NA
206.76,237.43,612,2021,-7.27,NA,-40.4563160823595,NA,59.5436839176405,NA,-1.44187199398924,NA
210.17,198.35,634,2021,-9.78,NA,-36.9335347432024,NA,63.0664652567976,NA,-1.4629168456723,NA
233.16,220.95,643,2021,-8.52,NA,-62.5550660792952,NA,37.4449339207048,NA,-1.62418846725032,NA
205.55,213.31,684,2021,-3.71,NA,-22.7467811158798,NA,77.2532188841202,NA,-0.858624038304976,NA
200.12,251.19,691,2021,-6.21,NA,-37.1633752244165,NA,62.8366247755835,NA,-1.60610013177217,NA
206.78,242.53,714,2021,-7.35,NA,-46.9648562300319,NA,53.0351437699681,NA,-1.45970483893073,NA
203.65,245.12,742,2021,-7.22,NA,-51.4978601997147,NA,48.5021398002853,NA,-1.92113702998088,NA
214.37,214.08,763,2021,-7.3,NA,-52.5179856115108,NA,47.4820143884892,NA,-2.08278815828711,NA
224.28,212.98,790,2021,-6.68,NA,-37.9977246871445,NA,62.0022753128555,NA,-2.57609936218595,NA
210.24,227.36,795,2021,-8.58,NA,-52.0631067961165,NA,47.9368932038835,NA,-1.78365058774873,NA
204.54,220.45,820,2021,-12.25,NA,-54.083885209713,NA,45.916114790287,NA,-1.28689771384516,NA
209.63,188.74,823,2021,-11.97,NA,-32.911740445422,NA,67.0882595545779,NA,-1.1523824122681,NA
216.25,216.81,828,2021,-9,NA,-39.647577092511,NA,60.352422907489,NA,-1.18718311915644,NA
237.14,218.66,833,2021,-7.7,NA,-66.3793103448276,NA,33.6206896551724,NA,-1.97342214917012,NA
189.91,228.83,844,2021,-4.28,NA,-38.2826475849732,NA,61.7173524150268,NA,-1.15150698818656,NA
213.13,232.25,864,2021,-6.06,NA,-49.8355263157895,NA,50.1644736842105,NA,-1.72912460690642,NA
190.91,275.6,865,2021,-5.7,NA,-43.5114503816794,NA,56.4885496183206,NA,-0.757141345830402,NA
208.08,233.44,399,2021,-8.95,NA,-46.7362924281984,NA,53.2637075718016,NA,-1.55903209583434,NA
329.74,147.16,982,2021,-2.57,NA,-43.0485762144054,NA,56.9514237855946,NA,-1.92144497982863,NA
294.08,214.84,1046,2021,-6.14285714285714,NA,-29.757785467128,NA,70.242214532872,NA,-1.70353483991712,NA
287,140.77,931,2021,-4.3,NA,-41.747572815534,NA,58.252427184466,NA,-1.82616257202883,NA
242.12,161.15,944,2021,-3.28,NA,-24.6987951807229,NA,75.3012048192771,NA,-1.40006825140483,NA
255.06,180.38,923,2021,-9.78,NA,-55.9496567505721,NA,44.0503432494279,NA,-2.21614862463881,NA
284.38,135.42,818,2021,-3.11,NA,-47.7726574500768,NA,52.2273425499232,NA,-1.50898587601384,NA
283.54,164.68,501,2021,-4.51,NA,-49.5060373216246,NA,50.4939626783754,NA,-2.20623567873821,NA
232.34,143.16,764,2021,-1.88,NA,-11.9897959183673,NA,88.0102040816327,NA,-0.443016344314458,NA
233.43,160.73,497,2021,-0.720000000000001,NA,-4.82573726541555,NA,95.1742627345844,NA,-0.19084727660556,NA
243.16,137.11,807,2021,-0.73,NA,-6.55884995507637,NA,93.4411500449236,NA,-0.273406322115871,NA
234.53,138.22,816,2021,-4.37,NA,-27.3638071383845,NA,72.6361928616155,NA,-1.01127488111719,NA
276.82,217.06,317,2021,-5.86,NA,-42.8989751098097,NA,57.1010248901903,NA,-1.89411504543657,NA
236.33,165.8,460,2021,-1.58,NA,-16.3223140495868,NA,83.6776859504132,NA,-1.02234979669904,NA
225.55,185.77,509,2021,-1.43,NA,-12.5109361329834,NA,87.4890638670166,NA,-0.592974864176788,NA
239.53,163.63,555,2021,-0.68,NA,-6.02836879432624,NA,93.9716312056738,NA,-0.27854923904777,NA
240.17,166.81,661,2021,-2.18,NA,-21.6269841269841,NA,78.3730158730159,NA,-1.19292230031386,NA
278.59,215.95,732,2021,-3.7,NA,-25.1700680272109,NA,74.8299319727891,NA,-0.865340902674347,NA
255.95,180.95,775,2021,-7.67,NA,-49.2614001284522,NA,50.7385998715478,NA,-2.71475370311958,NA
229.01,172.84,831,2021,-2.52,NA,-11.1405835543767,NA,88.8594164456233,NA,-0.543735758792373,NA
252.13,170.29,786,2021,-5.19,-58.6,-81.2206572769953,-27.9580152671756,18.7793427230047,72.0419847328244,-2.52217279053098,-3.65110805949534
248.51,164.28,405,2021,-2.94,NA,-41.7613636363636,NA,58.2386363636364,NA,-1.55374183958324,NA
225.19,174.67,419,2021,-2.83,NA,-12.7305443094917,NA,87.2694556905083,NA,-0.552183004643659,NA
235.1,147.77,314,2021,-0.77,NA,-4.91384811742182,NA,95.0861518825782,NA,-0.169641662691616,NA
287.41,155.93,325,2021,-1.71,NA,-24.3937232524964,NA,75.6062767475036,NA,-0.959104715534337,NA
251.78,128.27,326,2021,-5.01,NA,-21.5855234812581,NA,78.4144765187419,NA,-0.915597451629489,NA
246.67,139.82,350,2021,-7.6,NA,-30.1587301587302,NA,69.8412698412698,NA,-1.33863132188274,NA
282.49,135.63,377,2021,-4.77,NA,-37.6479873717443,NA,62.3520126282557,NA,-1.87510340368363,NA
279.4,211.87,449,2021,-8.86,NA,-41.8714555765595,NA,58.1285444234405,NA,-2.02339129417389,NA
247.67,134.04,472,2021,-2.08,NA,-7.94499618029029,NA,92.0550038197097,NA,-0.315951999611028,NA
289.58,148.08,512,2021,-1.55,NA,-22.962962962963,NA,77.037037037037,NA,-1.0380860880197,NA
226.05,182.54,544,2021,-8.72,NA,-34.3036978756884,NA,65.6963021243116,NA,-1.60804007359966,NA
252.31,152.06,560,2021,-4.66,NA,-39.29173693086,NA,60.70826306914,NA,-1.57904119520108,NA
237.4,165.08,597,2021,-3.67,NA,-24.5156980627922,NA,75.4843019372078,NA,-1.02713000154278,NA
254.87,142.75,616,2021,-5.49,NA,-61.7547806524185,NA,38.2452193475815,NA,-1.23430881264678,NA
256.51,157.04,676,2021,-1.64,NA,-31.2977099236641,NA,68.7022900763359,NA,-1.20669451221644,NA
245.94,132.03,683,2021,-4.72,NA,-19.4880264244426,NA,80.5119735755574,NA,-0.768322599885847,NA
299.42,186.21,716,2021,-7,NA,-46.9798657718121,NA,53.0201342281879,NA,-2.22250222250333,NA
293.79,209.98,731,2021,-9.63,NA,-29.8789947254111,NA,70.1210052745889,NA,-1.83554962173312,NA
229.05,178.81,765,2021,-2.69,NA,-20.7082371054657,NA,79.2917628945343,NA,-0.875989684928399,NA
255.39,178.01,826,2021,-6.04,NA,-62.655601659751,NA,37.344398340249,NA,-1.8897158098023,NA
239.33,143.79,837,2021,-11.38,NA,-34.0922708208508,NA,65.9077291791492,NA,-1.27151411203032,NA
225.29,170.94,868,2021,-5.6,NA,-19.5121951219512,NA,80.4878048780488,NA,-0.890598376163969,NA
306.86,193.35,872,2021,-3.71,NA,-45.1887941534714,NA,54.8112058465286,NA,-1.76004954133589,NA
249.98,131.08,875,2021,-0.0499999999999989,NA,-0.534759358288759,NA,99.4652406417112,NA,-0.0220671766586337,NA
244.79,149.44,878,2021,-1.64,NA,-11.2792297111417,NA,88.7207702888583,NA,-0.44228583198663,NA
229.36,168.48,353,2021,-6.07,NA,-24.9076733688962,NA,75.0923266311038,NA,-1.25279417069563,NA
281.43,137.91,358,2021,-5.82,NA,-32.6599326599327,NA,67.3400673400673,NA,-2.32994761468395,NA
246.39,154.73,379,2021,-5.2,NA,-36.1111111111111,NA,63.8888888888889,NA,-1.68888148640024,NA
288.7,144.91,402,2021,-6.79,NA,-39.499709133217,NA,60.500290866783,NA,-2.07847404296042,NA
285.44,140.8,451,2021,-3.28,NA,-26.0731319554849,NA,73.9268680445151,NA,-1.76629088126849,NA
252.91,173.92,525,2021,-11.53,NA,-69.7519661222021,NA,30.2480338777979,NA,-2.33184004928742,NA
302.77,189.42,571,2021,-2.75,NA,-30.3867403314917,NA,69.6132596685083,NA,-1.66522311355754,NA
244.53,158.86,585,2021,-1.87,NA,-18.9463019250253,NA,81.0536980749747,NA,-1.07093446258636,NA
284.88,161.33,625,2021,-4.13,NA,-36.1329833770779,NA,63.8670166229221,NA,-1.53324441141619,NA
283.26,142.07,751,2021,-5.75,NA,-32.9512893982808,NA,67.0487106017192,NA,-2.98458094122129,NA
227.14,177.63,779,2021,-6.1,NA,-23.4615384615385,NA,76.5384615384615,NA,-1.26221905994193,NA
284.3,137.38,798,2021,-4.05,NA,-28.6219081272085,NA,71.3780918727915,NA,-1.22158375432879,NA
241.32,136.83,806,2021,-3.46,NA,-17.9646936656282,NA,82.0353063343718,NA,-0.898292319570471,NA
277.77,134.83,309,2021,-6.6,NA,-32.512315270936,NA,67.487684729064,NA,-3.22559430163282,NA
238.27,160.36,506,2021,-4.92,NA,-39.9350649350649,NA,60.0649350649351,NA,-2.33271142914196,NA
226.58,155.7,689,2021,-4.41,NA,-17.0864006199148,NA,82.9135993800852,NA,-0.643212154079132,NA
289.94,212.41,772,2021,-4.38,NA,-34.0062111801242,NA,65.9937888198758,NA,-1.91552516407362,NA
282.59,215.32,852,2021,-7.02,NA,-29.4710327455919,NA,70.5289672544081,NA,-1.37946151484803,NA
254.99,148.7,819,2021,-2.49,NA,-54.2483660130719,NA,45.7516339869281,NA,-2.03390528345189,NA
242.83,169.41,468,2021,-4.62,NA,-36.3207547169811,NA,63.6792452830189,NA,-2.33889491723683,NA
224.06,182.89,554,2021,-3.56,NA,-23.4828496042216,NA,76.5171503957784,NA,-1.14367611066193,NA
249.57,178.3,342,2021,-5.28,NA,-39.7590361445783,NA,60.2409638554217,NA,-2.9155898282541,NA
294.36,212.24,367,2021,-3.09,NA,-13.9251915277152,NA,86.0748084722848,NA,-0.72579529273512,NA
232.61,141.44,577,2021,-6.93,NA,-22.5512528473804,NA,77.4487471526196,NA,-0.787770752300471,NA
296.16,182.35,389,2021,-7.82,NA,-54.9929676511955,NA,45.0070323488045,NA,-2.90147501604313,NA
229.88,142.77,499,2021,-5.72,NA,-18.3215887251762,NA,81.6784112748238,NA,-0.890619585106295,NA
291.88,212.63,668,2021,-9.01,NA,-27.800061709349,NA,72.199938290651,NA,-1.06166748661875,NA
281.92,215.46,673,2021,-12.22,NA,-33.9255968906163,NA,66.0744031093837,NA,-1.7053265756812,NA
236.76,130.86,384,2021,-2.18,NA,-16.6666666666667,NA,83.3333333333333,NA,-0.699491245260721,NA
240.51,152.77,822,2021,-4.82,NA,-19.5775792038993,NA,80.4224207961007,NA,-0.965296513120026,NA
223.14,177.44,730,2021,-2.42,NA,-18.7306501547988,NA,81.2693498452012,NA,-0.954470298587104,NA
287.01,149.97,703,2021,-1.8,NA,-16.6666666666667,NA,83.3333333333333,NA,-1.12256651240019,NA
