"site_water_day","site_6614800","site_6746095","site_7083000","site_9022000","site_9024000","site_9025000","site_9025300","site_9026500","site_9032000","site_9032100","site_9034900","site_9035500","site_9035700","site_9035900","site_9046490","site_9047700","site_9051050","site_9063900","site_9064000","site_9065100","site_9065500","site_9066000","site_9066200","site_9066300","site_9067000","site_9067200","site_9074000","site_9132995","site_9134000","site_9306242","site_9358550"
1,0,0,0,0,0,0,0,0,0,0,0,0,0,0,0,0,0,0,0,0,0,0,0,0,0,0,0,0,0,0,0
2,0,0,0,0,0,0,0,0,0,0,0,0,0,0,0,0,0,0,0,0,0,0,0,0,0,0,0,0,0,0,0
3,0,0,0,0,0,0,0,0,0,0,0,0,0,0,0,0,0,0,0,0,0,0,0,0,0,0,0,0,0,0,0
4,0,0,0,0,0,0,0,0,0,0,0,0,0,0,0,0,0,0,0,0,0,0,0,0,0,0,0,0,0,0,0
5,0,0,0,0,0,0,0,0,0,0,0,0,0,0,0,0,0,0,0,0,0,0,0,0,0,0,0,0,0,0,7.34
6,0,0,0,0,0,0,0,0,0,0,0,0,0,0,0,0,0,0,0,0,0,0,0,0,0,0,0.07,0,0,0,15.3
7,1.11,0.04,9.55,5.47,3.8,2.85,0.01,1.91,2.28,3.61,3.41,3.59,3.51,4.14,5.49,4.31,4.52,5.9,5.39,6.12,7.92,6.7,5.45,3.95,4.7,4.46,8.04,18.37,9.11,6.7,36.17
8,2.11,0.08,11.12,5.32,3.74,3.08,0.01,1.91,2.64,3.64,3.96,4,3.7,4.34,8.69,4.9,4.98,7.88,7.5,7.34,8.87,7.7,6.45,4.87,4.48,4.24,8.41,16.36,8.46,9.78,39.89
9,13.21,11.29,13.62,21.4,17.5,13.82,7.03,10.51,9.9,11.49,11.37,12.04,12.89,13.57,15.57,11.36,11.93,12.68,11.89,12.77,11.91,12.05,9.15,7.35,10.44,9.15,9.56,16.17,8.69,9.16,40.86
10,13.21,11.98,15.7,20.28,17.45,14.16,9.02,10.23,10.64,12.39,10.62,10.58,10.02,9.67,12.67,8.16,9.12,12.79,12.36,11.52,10.98,10.63,9.15,7.35,8.12,7.95,9.74,14.99,8.8,7.04,40.05
11,13.11,11.01,16.31,14.07,10.74,10.86,7.43,10.05,9.16,15.61,9.07,9.18,8.55,9.09,12.56,9.81,10.02,12.69,12,12.18,12.15,11.6,9.11,6.22,7.91,7.18,8.14,13.18,8.68,3.66,38.81
12,19.32,14.91,16.36,30.17,24.19,20.45,7.48,15.63,17.02,24.26,17.78,18.81,18.43,16.95,16.53,11.36,15.93,13.46,12.07,12.59,12.68,11.91,9.07,4.57,7.35,7.2,7.89,9.87,5.88,0,36.68
13,17.42,13.87,18.03,29.23,22.78,18.36,4.69,14.05,15.93,23.88,15.19,16.6,16.43,17.18,14.2,10.48,16.44,15.34,13.98,14.43,17.2,13.19,10.95,4.55,7.32,9.44,6.77,6.09,2.46,0,29.37
14,17.74,12.5,17.05,27.86,19.78,16.4,0.29,10.6,14.55,23.79,13.64,14.7,13.4,12.63,13.95,5.71,12.34,17.95,15.49,14.18,12.25,8.85,6.15,2.16,4.5,7.63,4.88,4.19,0.85,0,25.32
15,12.74,6.47,15.44,21.57,15.1,13.46,0.08,7.53,7.96,14,10.55,10.91,8.89,5.88,7.9,2.43,6.17,13.7,11.13,9.74,6.62,3.72,3.17,1.17,1.85,5.01,2.77,1.84,0,0,20.31
16,10.53,0.38,11.76,11.78,8.15,6.17,0.04,3.25,0.22,1.73,3.24,2.42,1.33,0.71,2.49,0,0.88,4,3.66,4.15,0.7,0.22,1.17,0,0,1.35,1.13,0,0,0,20.42
17,0.63,0,10.99,10.65,7.48,4.29,0.03,1.59,0,0.18,1.93,0.93,0.43,0.36,1.31,0,0.44,0.27,0.37,0.93,0,0,0.19,0,0,0.18,0.59,0,0,0,13.51
18,11.53,10.6,15.47,24.23,17.37,12.96,5.05,8.22,4.63,7.15,11.08,9.7,9.82,11.14,10.55,7.57,10.1,2.35,3.04,4.17,7.11,5.83,2.5,0.78,1.92,2.52,1.65,0,0,0,13.31
19,10.53,8.76,12.45,23.95,17.25,12.85,5.05,8.18,4.63,7.15,10.28,9.07,9.16,11.03,10.16,7.57,10.19,2.35,2.94,4.17,6.41,5.7,2.5,0.78,1.92,2.52,1.65,0,0,0,12.1
20,11.63,10.04,11.93,20.72,14.42,11.67,1.48,7.26,3.64,7.71,10.28,8.85,8.38,9.4,9.36,5.87,9.33,2.21,2.79,3.85,5.25,4.22,1.59,0.59,1.43,1.87,0.95,0,0,0,10.42
21,10.74,8.29,11.62,16.86,11.76,9.56,0.07,5.13,1.09,4.18,8.94,7.37,6.19,6.92,6.97,2.36,7.06,0.53,1.33,2.48,4.49,2.84,1.84,0.39,0.47,1.17,0.74,0,0,0,9.6
22,8.84,6.23,11.37,14.62,10.31,7.71,0.06,3.92,0.07,1.74,8.05,5.6,3.91,3.92,4.85,1.18,4.82,0.35,0.55,1.4,2.12,1.25,1.17,0,0,0.23,0.51,0,0,0,8.86
23,8.74,4.31,14.17,12.66,9.21,6.95,0.05,3.34,0,0.33,7.5,4.61,2.56,2.67,3.18,0.39,3.45,0.26,0.41,1.06,0.92,0.22,0.97,0,0,0.1,0.51,0,0,0,8.14
24,9.74,2.36,13.09,11.84,8.78,6.17,0.05,2.79,0,0.28,6.16,2.74,1.28,1.61,2.57,0,2.38,0.09,0.12,0.22,0.11,0,0.58,0,0,0,0.36,0,0,0,6.92
25,3.84,0.12,11.91,13.61,10.01,4.77,0.04,2.04,0,0.15,5.21,2.11,0.99,1.17,1.77,0,1.47,0,0,0,0,0,0,0,0,0,0.22,0,0,0,6.46
26,29.53,22.21,18.74,31.01,27.76,22.13,16.05,18.11,18.97,22.53,19.32,16.35,15.6,15.29,8.65,10.74,14.55,12.69,12.05,13.19,14.43,11.1,17.16,8.5,10.12,9.5,8.76,7.01,9.24,0,19.21
27,38.74,30.24,34.05,50.46,43.81,36.48,25.3,30.24,31.95,38.44,32.56,29.58,29.65,31.51,30.24,20.65,27.39,24.15,24.35,27.17,31.83,28.29,28.62,17.57,25.49,23.97,20.38,12.11,12.65,4.03,31.74
28,40.74,32.93,34.88,49.31,43.26,36.19,25.3,30.24,32.39,39.36,32.97,29.77,29.73,31.81,28.4,20.65,27.9,24.05,24.18,27.09,30.55,27.12,26.48,15.9,25.49,23.97,20.18,11.31,10.82,4.51,30.97
29,42.53,33.22,36.19,49.26,43.23,37.28,26.3,31.38,32.94,40.98,32.81,29.88,29.88,30.82,29.8,17.62,24.68,25.74,25.08,27.09,27.64,24.42,26.62,16.17,25.49,23.97,19.83,10.78,9.83,4.98,30.85
30,42.63,32.73,36.61,49.45,43.5,37.63,26.51,32.17,33.23,41.21,32.81,30.14,30.05,30.92,29.2,18.02,24.68,27.76,27.19,28.96,27.85,23.28,26.81,16.17,26.5,25.26,20.26,11.16,10.39,3.79,31.31
31,42.42,32.33,32.84,42.95,34.14,36.7,26.73,33.21,27.21,38.6,32.81,30.11,29.86,28.68,25.28,17.1,23.35,27.55,26.16,28.83,20.43,18.52,22.31,14.62,27.14,25.26,20.3,10.07,10.83,0.04,30.97
32,45.32,32.72,33.79,41.39,31.37,36.68,26.73,33.92,24.47,37.25,35.02,31.83,31.31,30.41,25.8,20.03,26.58,25.54,23.96,28.05,23.8,20.57,23.84,14.17,24.68,22.78,17.49,8.51,9.78,0,22.96
33,66,54.28,44.03,49.69,37.29,41.61,30.95,38.99,23.2,35.12,42.22,38.73,38.41,40.02,35.87,30.24,35.2,35.53,34.67,36.76,37.74,32.72,37.66,25.12,29.47,27.66,23.46,9.29,12.48,2.18,30.75
34,69.68,58.29,49.94,50.52,38.16,41.76,30.15,38.84,23.15,35.09,40.56,37.91,38.01,38.98,40.53,26.82,31.49,39.62,39.02,40.03,36.22,31.47,37.15,24.72,32.15,30.28,28.92,9.51,11.36,2.18,33.01
35,70.47,58.33,54.25,52,38.97,44.33,31.75,40.62,28.89,45.36,42.81,40.42,40.66,41.13,36.85,25.71,32.73,43.44,42.12,43.34,38.67,34.64,39.48,26.39,34.56,33.5,30.94,11,12,1.98,33.87
36,75.47,59.08,58.21,52.47,38.41,43.93,28.8,41.49,22.49,36.51,46.13,42.59,42.6,43.61,39.12,25.77,34.25,45.44,43.88,44.24,44.71,39.57,43.11,27.94,31.89,32.47,32.19,11.06,13.18,0,36.17
37,77.26,61.55,66.09,64.49,54.16,49.69,32.96,42.91,39.37,53.52,47.63,44.15,43.98,45.56,40.41,27.09,35.88,50.33,48.58,49.49,50.36,44.64,49.73,34.14,37.6,37.95,41.52,22.54,25.67,7.63,58.21
38,80.16,63.52,63.1,66.1,55.06,49.98,32.96,42.79,39.37,52.71,48.14,44.45,44.12,45.84,39.76,27.09,37.31,50.33,48.58,50.57,54.49,47.33,52.35,35.63,40.54,39.42,41.29,24.63,25.68,4.73,59.38
39,82.05,65.31,64.3,67.87,56.93,51.85,33.97,44.31,42.08,56.73,49.14,45.89,45.99,48.02,47.5,30.09,39.36,52.3,50.26,51.82,57.11,52.27,53.17,36.35,41.24,40.53,42.64,24.52,23.99,4.73,63.65
40,82.05,65.25,63.97,56.2,40.95,47.57,31.59,43.78,25.06,40.21,49.14,45.93,45.99,47.91,46.66,29.09,38.84,52.3,50.26,51.82,56.6,51.37,52.88,36.35,41.24,40.61,42.09,24.11,23.77,4.88,61.74
41,83.95,67.25,74.42,54.58,40.37,48.44,33.97,44.42,32.3,52.87,49.14,45.89,45.99,48.01,48.3,28.67,38.48,52.3,50.27,51.82,57.92,52.47,53.17,36.43,41.01,40.46,42.31,24.52,23.75,4.9,62.71
42,82.95,67.42,65.45,54.81,41.05,48.87,34.97,45.09,33.27,53.84,48.93,45.81,45.95,47.96,49.41,28.09,38.24,52.3,50.28,51.96,58.93,54.09,54.21,36.84,41.24,40.53,43.77,23.84,23.16,4.53,63.34
43,85.84,69.4,69.07,54.79,40.94,49.6,35.18,46.28,33.53,54.79,50.04,46.56,46.47,48.77,48.2,30.88,40.39,54.42,52.67,54.41,58.46,53.07,54.51,37.02,44.59,43.5,45.61,24.82,23.13,4.19,64.89
44,96.05,79.34,74.6,57.36,42.8,51.67,37.18,49.11,34.62,59.13,54.55,51.04,51.65,52.76,50.53,32.06,42.02,61.11,58.8,59.57,61.39,57.03,56.9,39.03,50.22,48.9,50.06,24.9,23.73,6.17,69.19
45,112.74,95.32,84.13,63.57,49.91,56.04,39.4,52.13,41.75,70.22,54.56,52.69,54.15,56.92,59.22,35.29,45.08,65.22,63.37,63.96,67.13,62.2,62.38,43.5,54.13,53.08,57.21,30.63,29.61,9.53,77.56
46,113.74,95.58,80.85,62.14,46.51,56.09,40.4,53.27,39.42,69.93,54.01,52.59,54.28,58,60.56,34.8,46.11,65.22,63.36,63.9,71.03,64.54,63.48,44.5,54.13,53.08,57.26,30.4,28.32,9.15,78.41
47,116.74,98.3,90.67,66.71,52.39,58,41.4,53.74,43.4,73.72,55.22,53.77,55.31,58.58,57.97,34.09,47.14,66.11,63.72,64.3,70.9,65.58,62.53,43.23,54.22,53.22,57.14,29.3,28.63,9.51,78.76
48,116.74,98.3,81.03,70.3,51.87,58.3,41.4,53.62,41.36,71.82,55.46,53.97,55.4,58.36,56.54,33.77,47,66.11,63.69,64.3,70.9,65.58,62.34,43.23,54.22,53.22,57.29,29.3,28.44,9.53,78.64
49,118.74,100.24,79.94,72.29,53.43,59.37,41.4,54.48,41.48,71.73,55.71,54.12,55.49,58.61,61.49,34.8,46.73,65.9,63.25,64.3,72.66,66.44,64.11,44.7,54.22,53.22,58.17,28.86,26.22,9.57,78.88
50,120.84,102.03,82.4,83.32,68.09,62.96,41.41,54.94,51.67,78.24,57.01,55.28,56.21,60.29,63.12,34.87,48.36,68.01,65.67,65.72,73.67,67.44,64.97,44.91,54.22,53.53,58.93,27.23,26.06,8.95,78.49
51,130.74,111.28,82.61,89.06,76.58,68.54,48.4,60.83,60.16,88.4,57.77,57.69,60.11,63.94,57.19,34.96,50.35,68.12,65.77,67.01,77.4,69.77,68.97,48.46,58.22,56.93,60.78,32.14,29.74,14.21,79.24
52,132.84,109.07,81.28,73.16,55.77,63.84,48.4,60.94,49.16,84.22,58.97,58.36,60.43,64.24,61.9,36.58,50.53,67.91,64.69,67.01,77.4,69.5,68.97,48.46,58.22,56.55,60.78,31.73,28.92,11.65,80.37
53,138.84,117.14,81.58,92.48,79.97,71.46,51.61,63.8,63.25,92.2,59.97,59.77,62.41,66.27,65.37,37.58,51.8,69.89,67.06,69.11,79.38,71.9,71.59,50.66,59.74,58.08,62.4,32.5,30.55,15.47,89.27
54,138.84,116.86,81.12,90.47,76.87,70.79,51.61,63.8,62.14,91.79,59.97,59.77,62.41,66.28,65.08,37.26,52.13,69.79,66.49,69.11,79.38,71.84,71.59,50.73,59.83,58.08,62.4,32.41,30.56,14.09,90.12
55,147.16,120.8,93.91,82.82,65.54,68.3,51.61,64.3,56.44,91.12,61.42,60.59,62.8,66.57,58.84,35.16,52.41,70.09,67.73,69.12,80.18,72.9,71.59,51.26,59.43,57.62,62.08,32.22,27.44,12.25,88.08
56,143.42,118.17,82.25,80.7,60.86,67.47,50.03,64.26,49.25,84.06,61.42,60.6,62.81,66.16,64.78,37.37,51.74,71.61,67.7,70.21,80.36,72.64,71.59,50.73,57.92,57.06,63.26,31.53,27,11.45,91.11
57,153.63,127.89,77.47,99.82,82.83,74.99,52.62,65.56,63.83,94.53,63.83,62.96,65.46,69.5,68.04,40.57,55.75,73.6,70.05,71.56,82.69,76.54,73.16,53.06,58.68,58.03,64.2,31.31,29.14,10.65,97.85
58,151.32,124.72,77.47,96.87,77.55,74.63,52.62,66.04,62.17,95.38,64.59,63.46,65.71,69.42,69.07,38.64,54.67,73.71,70.32,71.56,82.59,75.96,73.16,53.06,58.68,57.95,64.52,31,27.26,10.65,99.19
59,155.21,130.32,77.46,91.82,71.28,73.19,52.62,66.42,57.99,93.8,66.04,64.5,66.23,70.09,63.05,36.54,55.29,73.6,70.01,71.7,83.55,76.12,73.93,53.53,58.88,58.03,65.22,31,27.87,10.65,98.51
60,155.1,129.77,86.55,94.17,73.47,73.63,52.62,66.42,58.91,94.67,66.04,64.5,66.21,69.76,68.43,38.96,55.25,74.62,71.36,71.69,83.36,76.44,74.12,52.85,58.25,57.57,64.21,29.61,28.44,11.07,98.12
61,155.1,129.77,79.28,87.78,64.89,71.79,52.62,66.49,53.38,92.41,66.24,64.58,66.25,70.04,64.74,36.94,55.32,74.52,70.94,71.69,83.36,76.44,74.12,52.85,57.94,57.45,64.94,29.32,28.31,10.6,97.35
62,160,133.96,79.5,89.51,66.19,72.24,52.62,66.49,53.16,89.69,66.04,64.5,66.23,69.86,64.91,36.13,55.16,74.52,70.94,71.69,83.36,76.44,74.12,52.85,57.85,57.24,65.48,29.32,26.74,10.18,97.22
63,165.79,139.47,99.07,92.55,68.31,73.01,51.04,66.25,50.6,87.25,66.49,65.16,66.67,70.23,71.09,38.88,55.44,74.72,71.61,71.69,83.65,76.54,74.12,53.53,57.85,57.06,64.4,29.54,27.83,10.14,97.52
64,168.79,142.19,98.98,93.11,68.29,72.15,48.87,66.62,43.59,74.94,68.04,66.69,68.43,72.08,71.59,39.87,56.45,74.81,72.1,72.12,84.67,77.68,74.79,54.33,57.94,57.55,66.85,31.93,30.35,12.27,100.31
65,173.58,147.13,101.63,100.31,78.48,77.45,54.42,68.26,65.82,107.15,68,67.22,69.22,73.32,69.39,39.83,58.85,79.9,77.51,77.87,90.79,84.09,81.23,59.2,64.27,63.7,71.27,33.6,34.1,12.64,106.69
66,174.68,147.17,88.02,96.1,71.49,76.61,55.42,69.19,56.87,100.04,67.04,66.7,68.98,72.8,77.72,42.78,57.83,81.79,79.17,79.19,91.75,85.65,81.57,60.07,64.9,64.33,72.99,34.42,33.82,11.92,114.82
67,174.58,147.17,90.83,97.27,73.32,76.51,55.41,68.55,60.67,104.96,67.24,66.62,68.83,73.26,78.69,43.1,57.9,82.79,80.3,79.7,91.75,85.65,81.57,60.07,64.94,64.46,73.76,30.18,23.58,12.49,118.47
68,176.58,149.86,88.56,96.34,71.79,77.99,58.41,70.86,60.89,107.41,67.24,66.99,69.27,72.85,80.25,43.1,57.86,82.79,80.56,79.76,91.75,85.65,81.57,60.07,64.94,64.38,74.79,30.08,25.03,12.49,117.98
69,179.37,151.83,87.36,96.81,72.42,78.74,59.21,71.24,61.63,108.51,69.24,68.34,70.01,73.37,73.72,40.55,58.34,83.58,80.84,79.76,91.75,86.03,81.57,60.15,65,64.46,74.79,30.08,24.93,11.87,117.98
70,184.26,152.96,98.6,99.56,73.36,76.81,52.88,70.14,47.23,81.93,69.24,68.42,70.05,73.57,73.36,40.15,58.84,83.58,80.86,79.76,91.85,86.23,81.57,59.47,64.94,64.38,73.93,29.68,25.65,11.87,122.47
71,184.26,152.96,98.6,102.22,78.45,80.68,59.21,71.32,68.08,114.84,69.24,68.37,70.03,73.57,72.76,40.15,58.84,83.79,81.48,80.39,92.16,86.88,81.57,59.4,64.94,64.9,74.71,29.68,23.91,12.53,133.12
72,184.26,152.96,96.35,98.1,73.26,79.16,58.42,71.13,60.66,107.44,69.24,68.39,70.03,73.37,79.96,42.78,58.34,83.79,81.48,80.39,92.16,86.88,81.57,59.4,64.94,64.69,74.71,29.68,24.04,11.37,136.17
73,184.26,152.96,90.5,98.99,73.54,79.06,57.63,71.04,59.37,105.36,69.24,68.42,70.45,74.11,80.02,42.78,58.76,83.79,81.46,80.39,92.14,86.68,81.57,59.4,64.94,64.99,74.96,29.68,24.79,9.58,136.1
74,183.26,156.52,100.3,99.27,74.46,80.69,59.22,71.72,65.79,114.4,69.24,68.42,70.45,74.11,72.81,40.15,58.75,85.79,83.6,82.86,94.03,87.81,83.57,60.8,69.21,68.08,75.33,37.79,36.71,14.05,151.54
75,185.16,154.58,97.96,103.86,80.54,82.06,59.22,72.13,69.67,115.92,69.24,68.63,71.24,74.83,80.78,43.77,58.96,86.69,83.98,83.53,95.3,89.36,85.19,62.75,69.78,68.86,78.25,47.75,51.66,15.76,163.24
76,185.16,157.56,104.5,106.54,81.77,83.79,60.22,73.25,70.99,117.01,70.04,69.57,71.94,75.53,83.34,45.08,59.86,89.7,87.43,86.63,98.35,92.71,88.01,64.95,71.6,71.3,81.85,47.94,49.41,12.61,165.69
77,186.16,154.83,94,107.14,82.52,83.79,60.22,73.25,71.38,117.01,70.24,69.68,71.99,75.78,83.09,45.16,59.93,89.7,87.41,86.63,98.35,92.71,88.01,64.35,71.6,71.3,82.57,49.06,50.43,12.52,166.57
78,186.16,153.93,94,107.44,82.74,83.9,60.22,73.25,71.61,117.3,70.24,69.65,71.98,75.58,83.27,45.16,59.89,90.59,88.11,86.69,98.34,92.49,88.01,64.35,71.6,71.3,83.58,47.94,46.47,15.92,166.34
79,186.16,154.62,94.39,108.71,84.59,84.07,60.22,73.25,72.53,117.35,70.04,69.57,71.94,75.53,83.21,45.08,59.86,90.59,88.11,86.73,98.35,92.71,88.01,64.35,71.78,71.39,83.23,47.84,49.2,15.52,167.41
80,186.05,154.83,94.4,103.3,77.3,82.85,60.22,73.32,68.69,116.84,70.04,69.57,71.94,75.53,82.96,45.09,59.86,91.38,88.26,86.85,98.66,93.19,88.01,65.02,71.54,71.36,83.32,41.47,35.66,9.95,167.53
81,186.05,154.83,95.51,104.99,78.85,81.64,58.63,72.56,60.78,103.73,71.24,70.43,72.46,76.06,83.3,45.08,60.3,91.38,88.25,86.85,98.66,93.19,88.01,65.02,71.54,71.28,83.05,48.25,48.98,14.27,167.29
82,195.47,163.97,95.23,104.67,79.37,83.21,60.22,73.32,69.91,117.16,71.24,70.46,72.47,76.25,83.37,45.16,60.37,91.38,88.26,86.85,98.35,93.09,88.01,64.87,71.54,71.28,82.81,48.61,50.25,14.24,168.1
83,190.84,163.22,98.81,127.32,106.81,93.13,64.81,77.16,86.09,125.83,73.49,73.19,75.9,79.57,89.13,50.57,63.7,93.57,90.94,89.78,101.61,96.46,91.68,68.15,76.52,75.36,84.72,54.09,58.53,15.14,169.16
84,193.05,163.91,103.77,125.58,102.2,92.67,64.81,77.01,81.43,124.29,74.45,74.23,76.67,80.68,92.4,52.09,65.07,93.57,90.91,89.78,102.12,96.49,91.68,68.15,76.52,75.36,85.68,59.6,61.76,12.54,172.19
85,193.95,165.94,102.02,129.15,106.08,93.92,64.81,77.01,83.02,123.4,74.69,74.38,76.74,80.57,93.79,51.69,65.07,93.57,90.94,89.88,102.12,97.36,91.68,68.08,76.52,75.36,85.84,54.3,51.11,14.63,173.41
86,202.68,170.7,100.99,129.04,106.31,94.93,66.02,78.28,87.01,130.07,74.65,74.38,76.74,80.92,83.31,47.64,65.47,94.38,91.48,89.98,102.12,96.94,91.68,68.15,76.52,75.36,86.12,57.51,54.97,15.99,174.18
87,194.95,162.38,95.79,128.79,105.26,94.77,66.02,78.32,83.18,125.2,75.24,74.81,77.17,80.94,85.63,48.16,65.41,95.19,91.85,89.98,102.15,97.56,91.87,68.15,76.61,75.49,86.17,57.23,55.08,15.99,174.26
88,194.95,162.38,101.41,124.94,101.37,95.09,66.02,78.79,87.45,131.1,74.69,74.38,76.97,80.6,91.3,51.69,65.02,95.19,91.82,89.93,102.15,97.36,91.87,68.15,76.61,75.36,85.62,54.71,52.72,14.02,174.82
89,202.68,170.7,93.07,118.57,92.96,92.97,66.02,78.63,83.25,130.82,75,74.66,77.1,80.94,91.18,51.77,65.41,95.19,91.8,89.93,102.15,97.36,91.87,68.15,76.61,75.36,85.86,56.23,54.32,14.39,174.75
90,196.95,167.98,98.96,121.01,95.39,95.07,66.24,80.72,84.47,130.97,79.2,78.49,80.75,84.27,86.24,49.62,67.71,97.49,94.67,92.9,104.99,99.76,93.21,69.43,81.3,79.31,86.67,55.92,53.99,14.33,175.18
91,205.05,170.67,104.94,120.7,95.64,96.58,68.24,82.43,85.76,134.67,79.95,79.51,81.74,85.77,89.16,49.94,70,98.46,95.9,93.81,105.62,102.29,93.21,69.43,81.19,79.11,88.37,56.39,56.43,9.5,175.53
92,207.26,175.08,92.98,137.28,116.26,100.47,68.24,82.39,92.26,135.77,80.16,79.66,81.82,86.25,87.7,49.61,70.58,98.46,95.79,93.75,105.82,103.1,93.21,69.5,80.56,78.45,88.56,54.19,53.96,12.17,175.29
93,211.84,176.37,94.52,125.73,98.04,97.83,69.04,82.61,79.14,129.61,79.65,79.76,82.14,86.47,96.93,53.07,70.12,98.46,95.84,93.75,105.72,101.7,93.21,69.43,80.56,78.45,88.8,53.65,51.28,11.8,172.82
94,213.74,178.1,92.27,126.37,100.42,99.33,70.04,83.33,87.39,135.53,76.41,77.55,80.88,85.89,95.7,51.64,69.95,98.46,95.81,93.75,105.82,102.3,93.21,69.5,80.47,78.45,88.59,53.88,52.5,11.71,173
95,213.74,178.1,90.83,120.41,89.71,93.74,66.08,82.03,59.57,100.18,77.2,78.13,81.15,85.89,96.54,52.55,69.95,98.46,95.84,93.75,105.84,102.3,93.21,70.17,80.47,78.45,87.91,53.55,52.41,10.64,173.48
96,212.74,182.13,90.39,122.87,94.32,97.3,70.04,83.24,76.67,127.87,76.41,77.57,80.88,85.7,96.49,52.23,69.78,98.46,95.81,93.75,105.82,101.5,93.21,69.5,80.41,78.45,87.91,53.35,49.69,9.61,174.13
97,212.74,182.13,96.18,116.66,85.91,94.6,69.25,82.67,66.21,116.01,77.16,78.2,81.29,86.18,94.39,51.13,70.36,98.46,95.84,93.75,105.93,102.3,93.21,69.43,80.41,78.45,88.12,48.08,41.58,8.61,174.31
98,212.63,182.13,102.82,116.66,86.36,94.52,69.25,82.83,68.91,120.61,77.2,78.08,81.13,85.89,90.5,49.61,69.95,98.46,95.9,93.8,105.93,102.3,93.21,69.43,79.77,78.17,87.82,47.11,41.15,8.19,173.74
99,212.74,182.13,103.53,115.91,86.52,95.98,70.04,83.37,79.98,134.82,76.41,77.55,80.88,85.89,92.15,50.13,69.95,98.46,95.89,93.8,105.82,102.08,93.21,69.43,79.77,78.07,87.63,48.12,44.88,10.34,173.1
100,216.74,185.17,92.08,124.95,94.2,105.11,78.25,92.88,89.32,144.65,84.82,86.43,90.62,97.07,106.69,67.17,83.96,107.26,103.96,103.55,117.23,114.64,105.54,82.14,93.95,91.07,95.74,49.71,47,11.5,174.39
101,218.63,182.76,106.71,126.43,94.3,102.81,77.45,92.13,72.8,124.64,84.86,86.3,90.45,95.93,104.34,58.35,78.1,107.26,104.04,103.6,117.22,113.47,105.54,82.82,94.01,91.07,95.68,48.9,47.31,9.79,174.86
102,218.74,182.82,106.71,126.71,95.4,104.5,78.25,93.21,81.44,137.34,86.11,87.12,90.94,95.97,98.34,54.01,77.19,108.26,105.03,104.2,117.51,113.66,106.54,83.3,94.11,91.12,95.68,49.41,46.8,9.62,174.63
103,220.84,189.45,96.81,148.98,125.4,112.71,80.04,95.24,104.45,149.85,86.65,88.12,91.96,96.29,107.52,58.14,77.2,108.26,105.18,104.38,118.48,113.86,106.87,84.01,94.2,91.32,96.12,49.41,46.45,9.62,174.63
104,223.84,194.86,93.73,147.24,121.05,114.03,80.25,96.58,103.09,152.88,88.11,89.68,93.66,98.39,108.33,58.14,78.57,109.24,106.05,105.28,119.48,114.48,107.87,84.57,94.81,91.88,96.48,48.39,46.34,9.62,174.32
105,223.74,194.25,105.84,150.18,124.4,114.95,81.26,97.03,102.86,152.49,87.11,89.12,93.39,98.34,109.31,58.14,78.63,109.24,106.08,105.33,119.84,114.65,109.01,85.09,94.72,91.79,96.29,48.39,46.34,10.1,174.08
106,226.74,193.71,105.11,145.53,118.74,114.62,82.26,98.02,102.63,153.59,87.56,89.3,93.47,98.5,103.63,55.59,79.38,109.24,106.12,105.52,120.56,116.03,110.01,85.49,94.72,91.79,95.51,48.48,45.4,10.01,174.59
107,225.42,192.59,107.28,141.39,113.09,113.81,83.26,98.54,99.23,153.29,89.35,90.79,94.32,98.97,109.29,58.53,79.15,110.27,107.31,106.92,121.35,116.28,110.21,85.57,95.4,92.49,96.42,49.99,45.59,9.62,174.85
108,225.42,192.59,109.81,143.33,114.98,113.64,83.26,98.45,95.54,147.56,90.31,91.76,95.44,99.84,108.27,57.62,80.11,113.09,109.8,108.8,121.42,115.9,110.83,86.36,96.14,94.1,99.14,52.46,51.61,10.85,178.7
109,228.95,196.55,107.23,166.13,142.59,124.95,89.26,105.59,114.32,161.8,95.31,96.97,101.73,106.84,114.01,66.03,86.52,119.96,116.36,115.69,129.92,124.45,120.31,96.43,103.72,102.41,110.14,54.51,47.78,13.64,194.61
110,238.47,206.17,105.53,162.25,136.64,125.3,90.26,107.08,112.98,163.19,96.01,98,102.76,107.5,104.49,58.98,85.35,121.78,117.42,116.58,130.71,124.16,121.02,96.83,103.99,102.84,111.29,55.22,43.48,13.22,194.61
111,238.58,210.98,121.26,172.16,148.15,131.06,94.27,111.04,120.58,170.84,103.58,104.59,108.69,115.46,114.29,77.75,102.6,126.58,121.9,121.45,135.31,131.28,125.21,99.63,110.19,109.2,112.23,66.86,66.28,13.22,195.36
112,242.42,210.03,123.13,174.42,145.88,131.92,96.9,112.82,103.95,147.05,108.83,109.71,112.71,116.85,119.59,67.06,94.13,129.61,124.86,123.91,136.53,130.2,125.84,100.5,111.49,110.75,115.8,63.25,59.37,8.44,194.38
113,246.95,216.08,124.33,188.09,159.84,141.17,101.29,116.98,127.26,184.44,111.73,112.38,114.92,119.04,122.95,67.65,96.16,131.5,126.3,125.6,139.41,132.74,129.17,103.7,112.72,112.26,116.68,63.04,64.1,9.49,196.19
114,259.95,232.31,142.69,191.41,165.11,147.28,108.7,126.09,134.3,197.07,118.94,119.66,122.42,127.65,132.76,77.16,106.37,149.05,142.93,141.5,151.04,146.1,141.88,116.7,127.69,128.55,137.76,75.2,64.84,25,222.69
115,267.74,238.13,146.9,195.01,166.27,150.67,111.5,128.71,133.95,197.07,122.8,123.51,126.01,130.85,134.88,76.15,107.62,153.98,147.47,145.92,155.61,149.43,146.79,121.88,131.81,132.5,142.71,95.89,93.16,24.02,234.64
116,266.63,228.11,141.66,195.31,167.04,150.89,111.5,129.36,135.14,199.96,123.76,124.28,127.15,133.39,137.12,82.47,113.48,157.67,150.38,148.68,158.4,153.48,148.98,124.41,134.35,135.19,145.4,101.57,98.95,23.84,238.05
117,268.63,232.24,144.67,198.85,168.78,151.98,111.5,129.43,135.45,200.14,123.84,124.55,127.94,132.73,137.52,75.94,107.51,158.57,151.13,150.18,158.75,152.17,150.69,125.29,135.96,136.74,146.52,91.11,79.03,17.98,238.6
118,267.53,236.97,139.91,196.14,165.22,152.45,111.51,130.52,135.95,202.61,127.84,127.86,130.67,134.82,128.35,69.69,108,160.38,152.33,150.64,158.04,151.17,150.69,125.36,135.96,137.05,148.02,93.36,77.46,18,239.59
119,271.53,238.7,164.08,205.85,174.8,158.74,116.51,136.65,140.31,209.18,134.83,134.89,137.62,145.68,147.31,100,131.85,171.18,162.82,161.4,171,166.85,163.16,136.56,146.48,147.22,155.22,94.44,81.59,19.2,243.23
120,271.53,239.39,164.36,204.51,171.02,159.31,116.51,136.52,139.55,209.03,134.87,134.82,137.39,143.88,148.95,86.45,121.15,171.39,163.54,162.23,171.9,165.66,164.12,137.63,148.11,148.59,157.16,91.23,77.59,21.82,251.46
121,270.63,239.62,147.46,200.39,165.72,158.62,117.72,137.87,137.83,209.13,136.07,135.88,138.29,145.01,144.8,82.72,123.03,172.88,161.83,164.96,174.3,167.49,166.12,139.63,151.83,151.47,157.87,108.31,109.51,20.83,250.29
122,268.74,237.84,155.91,201.61,167.41,159.14,117.72,137.8,138.13,208.88,135.87,135.74,138.23,143.76,152.02,83.43,118.73,175.11,166.78,165.47,173.59,167.24,166.12,139.63,151.83,151.78,158.41,107.08,106.33,21.09,250.41
123,264.84,234.25,152.44,202.45,168.12,159.58,117.72,137.91,139.26,209.3,135.87,135.76,138.23,143.46,140.06,76.78,117.64,175.11,166.5,165.47,172.97,165.92,166.12,139.63,151.83,151.78,158.64,108.86,108.25,21.03,249.14
124,273.47,250.56,152.58,202.47,168.5,159.64,117.72,137.91,139.77,209.33,135.66,135.68,138.2,143.4,151.74,82.23,117.15,175.11,166.28,165.42,172.25,165.34,166.12,139.63,151.83,151.78,158.64,107.18,107.11,20.6,249.14
125,273.47,250.56,152.88,202.9,168.8,159.88,117.72,137.98,140,209.56,137.12,136.46,138.56,143.7,151.14,81.43,117.29,175.11,166.67,165.42,172.39,165.34,166.12,139.63,151.83,151.78,158.11,107.66,107,19.38,251.19
126,280.16,255.63,165.67,208.93,175.97,162.8,119.52,138.82,145.51,215.85,138.16,137.5,139.2,143.71,153.81,82.74,117.69,175.11,166.82,165.47,172.37,165.79,166.12,139.63,151.83,151.79,158.95,92.13,75.17,21.51,257.59
127,280.37,255.91,166.74,205.25,169.67,163.51,121.31,140.31,143.81,220.03,139.81,139.24,140.92,145.16,155.22,84.14,119.15,175.11,166.82,165.42,172.39,165.41,166.12,139.63,151.83,151.78,159.69,91.73,75.73,18.33,258.56
128,268.53,235.51,165.26,206.16,170.18,163.22,121.31,139.93,140.02,213.26,140.36,139.65,141.12,145.35,152.84,84.33,119.56,175.01,165.92,165.37,172.9,165.04,166.12,140.15,151.83,151.69,159.69,106.49,105.53,19.11,258.68
129,270.63,239.91,159.09,206.68,170.98,163.62,121.31,140.04,142.49,216.25,140.77,139.84,141.2,145.98,156.32,84.62,120.51,176.11,167.84,165.93,172.16,166.38,166.12,138.28,151.83,151.92,161.1,107.71,106.94,19.51,259.92
130,275.31,241.13,167.11,206.89,170.47,165.24,122.31,141.43,145.88,223.73,141.32,140.62,142.24,147.09,160.32,85.72,121.12,178.1,169.7,166.87,172.27,166.58,166.12,138.28,151.96,152.34,163.28,111.61,110.18,21.2,272.35
131,277.21,242.58,163.42,205.74,168.85,164.42,122.31,141.2,143.17,220.78,141.57,140.73,142.29,147.09,161.23,85.13,121.12,178.1,169.7,166.87,171.47,165.87,165.5,138.01,151.96,152.43,163.09,111.75,110.18,21.51,271.76
132,281.21,241.96,171.88,223.9,190.23,171.96,127.31,145.39,152.91,220.99,145.57,144.99,146.83,151.3,164.51,87.72,123.92,184.72,175.8,172.31,176.37,170.16,170.65,142.7,157.16,157.96,168.08,115.18,113.42,28,279.01
133,287.21,248.66,172.99,230.48,196.64,175.18,127.32,146.41,160.05,233.03,147.23,146.42,148.14,153.04,153.08,82.88,125.76,188.62,179.48,175.06,177.43,171.5,172.28,144.5,159.02,160.02,171.27,116.68,114.17,21.47,279.74
134,296.21,260.5,174.15,234.66,200.36,179.02,131.32,150.17,163.17,238.62,150.64,149.62,150.72,155.84,158.76,84.78,128.33,192.46,182.85,178.99,181.38,175.85,176.63,147.37,162.36,163.53,173.73,99.86,80.88,21.53,281.27
135,296.21,260.5,172.36,232.97,197.57,179.25,132.32,151.13,162.09,237.73,151.43,150.41,151.12,155.84,170.33,90.42,128.2,192.46,182.84,178.99,181.36,175.78,176.63,147.37,162.36,163.53,173.19,99.79,82.02,19.44,280.42
136,303.52,260.59,184.19,243.73,206.78,187.67,139.53,158.34,170.14,248.37,156.88,155.86,156.74,161.06,171.68,93.42,132.55,196.46,187.04,182.99,185.64,179.88,181.63,152.37,166.18,167.33,178.46,125.79,123.19,32.85,302.38
137,309.42,262.35,185.1,246.63,209.27,189.44,141.33,159.95,171.31,250.9,157.64,156.77,157.7,162.01,173.53,93.42,133.45,201.14,190.92,187.07,189.07,182.56,186.63,157.04,169.67,170.96,183.45,134.68,132.37,37.81,305.78
138,314.31,267.07,192.17,248.3,210.1,190.49,141.33,160.17,171.31,250.85,160.29,158.87,159.2,164.33,163.45,90.17,136.17,201.35,191.7,188.4,190.92,184.6,189.45,158.64,170.94,172.35,183.48,139.96,135.96,39.78,305.02
139,314.31,267.07,184.18,248.58,210.22,190.6,141.33,160.17,171.31,250.9,160.29,158.84,159.19,164.03,174.48,95.14,135.33,201.35,191.75,188.4,191.05,184.53,190.45,159.71,170.94,172.35,185.12,139.73,135.96,29.57,304.56
140,315.42,268.07,190.5,248.3,210.1,190.49,141.33,160.17,171.31,250.97,160.29,158.87,159.2,164.33,162.58,89.97,136.17,201.35,191.67,188.4,191.23,184.63,190.45,159.71,170.94,172.35,184.44,135.77,131.69,30.1,303.23
141,315.42,268.28,183.06,249.73,210.84,190.73,141.33,160.17,171.31,250.97,159.29,158.13,158.74,163.98,174.77,95.33,135.45,201.35,191.77,188.62,191.51,184.85,190.79,159.91,171.13,172.35,184.9,138.44,135.14,40.66,303.05
142,325.16,287.66,178.97,248.65,210.37,190.64,141.33,160.17,172.48,251.3,160.25,158.84,159.19,164.38,162.2,89.97,136.43,201.35,191.71,188.62,192.23,185.7,190.79,159.91,171.13,172.35,185.05,138.67,135.53,37.23,302.55
143,317.42,270.62,179.49,251.48,212.93,192.85,142.54,161.95,174.54,253.16,162.05,160.73,161.92,167.08,165.1,91.56,137.39,206.03,195.55,192.48,195.4,189.15,195.32,163.58,175.58,177.13,188.94,141.98,143.13,50.07,313.93
144,324.42,291.62,184.41,252.07,213.14,193.51,143.33,162.76,174.53,253.72,162.5,161.57,163.26,168.5,177.55,97.4,138.27,208.75,197.76,194.67,197.3,190.92,196.32,165.18,178.6,179.43,190.98,143.7,144.95,49.93,317.11
145,324.42,288.67,186.69,251.23,211.74,194.72,144.34,164.36,175.07,258.08,166.46,164.89,166.13,172.01,172.13,92.56,141.22,213.84,203.32,200.26,201.92,196.25,203.1,170.25,184.21,185.14,193.8,148.01,143.48,40.65,319
146,339.95,298.47,203.5,259.57,221.86,200.32,151.33,170.19,181.35,265.81,170.11,168.6,169.59,177.05,180.2,104.99,150.61,216.15,206.33,203.32,208.49,203.22,206.47,174.57,186.34,187.63,195.69,149.08,144.77,38.04,317.78
147,350.84,316.6,213.12,273.39,232.3,210.2,157.35,176.81,188.02,276.91,180.71,178.71,179.41,190.36,191.53,128.35,172.71,223.76,213.33,208.9,214.54,212.02,210.62,178.04,190.46,192.4,201.65,154.33,148.43,34.92,323.28
148,353.95,321.05,212.48,276.89,234.11,212.01,157.35,177.16,189.53,279.57,178.77,177.15,178.35,184.69,198.01,106.13,151.29,224.68,213.73,208.96,209.98,203.45,210.62,178.56,190.52,192.48,201.25,156.15,147.91,36.3,321.6
149,353.74,319.53,212.64,277.47,233.92,212.11,157.35,176.77,187.83,278.58,179.32,177.6,178.56,185.22,183.85,100.88,152.32,224.68,213.8,209.01,210.41,204.42,210.62,178.56,190.52,192.48,200.94,154.98,147.34,36.07,319.26
150,361.53,318.64,200.86,277.35,233.97,212.19,157.35,176.74,188.86,279.25,178.52,177.04,178.3,185.02,198.06,107.11,152.17,224.68,213.8,209.01,209.98,203.67,210.62,178.56,190.52,192.48,201.26,155.85,147.96,35.74,317.31
151,360.42,316.75,214.25,278.53,236.18,214.58,161.14,179.89,193.58,283.85,179.52,178.47,180.32,186.51,200.03,107.72,152.54,228.57,217.63,212.8,212,205.25,213.48,181.29,194.37,196.37,205.4,160.68,151.15,57.78,339.05
152,369.42,324.11,224.81,291.56,246.56,225.12,170.57,190.06,197.29,290.91,188.22,187.5,190.54,197.68,204.25,110.43,161.48,242.42,231.5,224.29,221.9,217.03,220.97,189.15,203.97,207.19,219.88,175.25,160.07,41.31,359.44
153,372.84,330.67,226.45,293.11,248.22,228.04,173.36,192.89,202.69,295.62,192.18,191.18,193.45,200.15,219.03,118.91,164.05,245.42,234.22,227.55,225.01,219.98,224.78,192.03,206.91,210.05,223.03,176.71,166.1,68.84,354.56
154,382.53,338,242.79,298.58,252.15,230.83,174.57,195.7,204.12,297.91,194.98,194.11,197.59,205.02,222.96,122.22,167.04,256.31,244.52,238.11,234.45,229.14,232.75,197.58,217.8,220.69,235.35,184.26,173.38,51.15,367.75
155,383.31,341.34,245.35,299.03,252.47,231.08,174.57,195.93,204.6,298.25,195.14,194.54,198.06,205.67,224.83,122.81,168.28,257.18,244.99,238.67,234.62,229.36,233.61,198.9,217.93,220.82,235.82,188.32,179.98,53.39,372.47
156,391.42,345.07,247.56,306.89,258.64,236.64,179.38,200.05,207.35,304.23,200.8,199.59,202.64,210.46,230.51,123.28,171.58,262.2,249.89,243.46,239.45,233.98,236.06,199.78,222.62,225.3,237.29,187.45,180.53,50.06,369.61
157,390.53,342.28,235.06,311.07,261.64,238.57,179.38,200.43,210.06,305.83,201.25,199.84,202.76,210.81,230.05,122.77,172.13,262.2,249.9,243.41,238.75,232.26,236.06,199.78,222.69,225.3,238.65,190.25,179.44,46.78,373.57
158,391.53,344.52,230.92,311.37,261.83,238.57,179.38,199.94,209.55,305.47,201.25,199.84,202.76,210.81,229.92,122.96,172.13,263.1,250.61,244.02,238.75,232.71,236.06,199.78,222.69,225.51,239.57,185.2,170.4,56.86,373.5
159,389,336.62,230.09,312.82,263.39,238.78,179.38,199.79,209.23,305.36,201.21,199.99,202.94,211.72,211.63,116,173.42,263.1,250.65,244.01,242.1,235.18,236.06,200.3,222.56,225.51,239.75,183.97,168.84,49.53,379.61
160,384.31,333.82,230.91,312.92,263.06,238.53,179.38,199.28,206.78,304.1,201.25,200.03,202.96,211.13,230.45,122.68,172.6,263.1,250.64,244.01,241.38,234.6,236.06,200.3,222.62,225.51,239.37,183.54,168.55,48.95,381.65
161,383.21,331.93,220.61,313.11,263.14,238.31,179.38,198.9,204.97,297.69,201.25,200.03,202.96,211.13,232.53,122.68,172.89,263.1,249.23,244.01,241.69,235.36,236.06,200.3,222.62,225.51,239.6,182.93,166.63,49.34,379.35
162,382.1,342.86,222.2,313.32,263.33,237.86,179.38,197.67,201.59,289.95,202,200.55,203.21,212.14,217.07,116,173.61,263.1,249.78,244.07,242.49,236.49,236.06,200.3,222.62,225.51,239.85,176.17,157.69,48,378.75
163,382.21,342.79,221.21,312.63,262.86,237.62,179.38,197.62,202.07,293.44,202,200.52,203.19,211.72,211.8,116.59,173.43,263.1,249.23,244.01,243.21,236.28,236.06,200.82,222.5,225.5,239.97,170.53,152.33,40.41,375.86
164,382.21,341.27,222.06,312.94,262.8,235.18,174.01,194.61,193.99,275.42,201.7,200.25,203,211.31,230.47,123.19,173.53,263.1,249.35,244,241.97,235.44,236.06,199.26,222.5,225.5,239.72,171.16,153.55,36.99,375.98
165,382,339.91,217.88,310.22,257.96,230.97,165.45,191.18,181.21,260.21,202.21,200.85,203.36,212.11,209.81,115.38,175.18,263.1,248.99,243.93,244.11,238.02,236.06,199.25,222.17,225.4,238.96,162.74,141.71,28.88,379.31
166,393.52,359.51,215.19,298.51,242.87,225.59,158.3,189.86,168.72,252.42,203.41,201.85,204.06,212.63,218.24,115.37,176.07,263.1,249.74,243.93,245.09,239.58,236.06,199.78,221.22,224.76,238,155.25,130.53,23.97,374
167,394.53,360.73,213.14,277.59,215.35,217.32,148.36,187.89,149.24,243.11,203.86,202.25,204.34,212.55,231.6,123.36,174.96,263.1,248.11,243.64,245.25,238.63,236.06,198.73,219.67,222.5,236.9,148.74,120.22,18.38,372.18
168,396.21,363.03,210.94,275.67,214.74,214.94,142.59,185.63,148.06,242.57,203.32,201.77,204.13,211.35,232.69,122.97,172.46,263,247.98,243.46,245.67,238.95,236.06,198.73,217.71,218.06,234.85,139.12,114.76,11,368.78
169,384.63,336.21,208.99,273.24,211.47,212.26,135.61,181.42,144.92,240.35,203.38,201.6,203.98,211.28,208.07,107.72,171.88,263,248.37,243.49,245.61,239.79,236.06,196.64,215.36,213.26,231.67,132.24,108.23,3.68,368.25
170,382.84,337.88,204.71,263.11,198.15,205.01,125.05,176.73,133.11,234.16,202,200.64,203.44,209.51,233.98,114.93,168.69,263.58,247.9,242.83,244.58,237.96,236.06,191.93,211.68,206.93,227,127.52,102.94,1.24,375.09
171,382.52,336.71,205.59,284.53,228.02,218.82,145.38,187.95,177.66,296.2,202.96,202.35,206.32,213.71,210.16,105.08,172.13,268.59,252.43,247.42,248.68,242.9,241.57,198.38,214.91,210.43,232.92,141.8,120.42,3.37,400.11
172,382.73,336.09,206.67,263.36,199.25,207.33,128.25,180.04,137.02,239.92,204.5,203.56,206.93,213.67,235.17,117.32,172.9,270.2,252.64,248.14,250.09,243.76,242.06,199.5,215.69,211.11,234.8,144.69,122.45,4.26,410.12
173,384.52,337.48,209.76,245.82,177.24,200.9,124.08,180.06,119.41,224.93,204.96,203.79,207.04,213.72,235.12,117.32,172.98,270.1,252.25,248.24,250.07,243.17,242.06,199.5,216.88,211.78,236.05,142.44,113.21,3.98,410.62
174,384.31,336.58,208.54,245.55,177.23,200.91,125.29,182.34,120.37,226.85,204.75,203.68,207.06,213.66,236.07,116.59,172.09,272.88,254.03,250.48,250.16,244.24,242.39,199.7,217.35,212.85,237.35,135.8,109.67,1.72,404.07
175,376.63,331.68,208.49,244.13,175.55,199.23,121.3,179.77,119.51,227.36,204.2,203.22,206.63,212.39,212.17,105.79,171.37,273.1,255.86,250.17,250.22,244.45,242.39,198.65,213.72,209.43,233.1,132.64,103.28,0.73,403.49
176,363.16,326.3,223.33,233.47,167.01,196.07,122.29,178.55,133.44,265.27,200.31,199.26,201.93,206.41,236.07,111.19,165.07,272.09,251.9,249.11,249.48,242.31,242.39,192.75,198.66,198.58,221.88,123.59,96.91,0,399.58
177,359.16,321.55,220.29,229.08,161.04,189.42,109.11,168.39,123.07,256.38,200.02,197.22,197.28,206.26,215.33,118.53,182.96,271.58,250.34,246.59,250.06,247.36,242.39,185.21,177.75,182.46,212.82,114.96,89.76,0,399.38
178,358.16,310.89,257.78,263.31,194.81,192.82,94.13,155.43,133.75,260.27,197.86,193.86,192.05,199.94,217.2,109.75,176.61,271.88,255.3,238.88,247.86,241.42,242.39,170.1,151.93,161.71,205.28,105.84,75.76,0,404.66
179,367.84,334.23,222.51,256.79,186.69,187.37,82.58,151.69,123.67,252.45,201.14,198.68,198.79,202.92,208.38,102.24,176.09,269.85,243.11,230.89,244.98,236.07,238.82,160.9,142.18,155.6,203.57,104.3,74.87,0,408.69
180,351.37,303.36,218.18,252.21,181.82,184.28,75.59,147.32,119.05,249.83,201.5,198.29,195.93,198.18,203.06,98.85,173.88,269.54,242.42,227.52,243.38,232.54,236.15,155.44,137.09,152.8,198.67,102.36,68.13,0,402.49
181,351.37,298.68,215,246.32,173.02,177.7,61.04,139.64,110.46,249.93,198.15,194.46,190.28,190.83,209.61,94.1,167.93,262.39,236.26,218.7,239.88,225.22,228.83,144.34,124.3,147.07,191.53,98.55,62.24,0,396.72
182,344,288.94,210.61,240.39,166,171.77,49.08,131.07,105.49,243.99,192.46,186.74,178.16,178.78,200.27,87.61,161.3,261.05,234.48,213.09,234.41,215.98,220.85,132.44,116.67,142.83,178.55,93.41,55.75,0,390.66
183,339.42,276.34,206.66,235.8,159.42,163.36,31.91,119.59,99.63,233.37,185.76,177.53,164.25,160.94,208.27,82.23,149.84,257.88,230.88,207.64,216.66,196.22,207.33,117.75,107.79,139.1,169.24,86.88,48.48,0,376.6
184,342.63,263.69,199.84,213.34,139.91,144.07,5.13,97.85,81.61,211.43,173.62,160.78,140.73,130.4,201.02,63.23,128.85,248.55,221.58,196.27,189.43,170.4,186.85,92.97,91.52,129.07,157.79,80.97,38.68,0,367.15
185,337.84,255.12,192.89,200.23,130.85,132.83,0.77,76.37,73.4,201.65,161.47,142.03,113.5,99.61,197.5,54.51,112.52,244.06,217.44,190.6,162.17,149,163.97,72.36,81.52,124.1,144.47,76.25,34.83,0,358.08
186,339.95,252.09,176.33,178.18,110.33,130.8,5.76,78.23,63.95,198.61,155.85,135.91,105.33,92.81,185.52,54.41,110.9,244.95,217.75,189.67,155.41,141.58,155.77,68.65,80.89,124.07,137.49,75.23,34.91,0,357.76
187,341.16,252.87,192.48,184.99,115.65,135.97,7.78,80.72,69.59,207.38,158.3,137.75,105.49,92.38,187.1,57.63,113.07,237.38,211.52,184.08,146.76,132.78,144.56,63.87,79.42,122.25,135.56,74.33,34.35,0,354.05
188,341.84,257.82,230.3,211.66,141.03,138.59,2.79,77.19,91.21,243.86,157.65,136.3,103.48,89.88,195.78,55.57,110.05,238.63,218.26,177.1,125.51,110.73,121.31,53.57,74.28,118.44,126.7,72.57,32.05,0,349.65
189,356.58,275.63,187.92,207.93,137.4,134.19,0.78,72.03,78.6,215.09,157.17,134.46,100.13,85.42,193.34,53.34,107,221.22,197.57,167.49,119.24,104.12,114.52,49.9,67.85,111.94,118.51,71.86,28.65,0,341.95
190,349.89,270.21,184.15,204.2,134.68,136.03,0.81,81.63,82.1,227.05,168.52,150.88,121.74,103.24,192.28,53.02,114.24,210.9,190.7,161.32,117.45,102.77,112.95,48.95,66.2,107.6,113.21,71.46,28.15,0,335.05
191,346.89,268.23,217.7,203.48,134.18,135.55,0.8,81.39,82.02,227.05,167.07,149.87,121.23,103.14,190.75,53.02,114.13,213.78,200.92,159.94,117.24,102.84,112.24,48.55,65.39,104.23,103.39,70.62,28.21,0,323.14
192,343.1,263.48,173.96,197.54,130.54,131.46,0.78,78.05,73.66,207.47,163.14,145.72,116.88,99.1,186.22,50.73,110.82,182.37,169.97,143.34,112.65,96.8,108.63,46.6,60.57,94.93,90.45,63.82,25.92,0,309.07
193,330.63,252.27,216.67,186.46,123.59,124.17,0.75,72.49,67.33,198.64,156.86,138.31,108.53,90.89,164.61,44.4,104.11,188.54,181.39,140.64,105.97,89.94,100.75,42.31,56.13,88.67,81.44,56.78,22.27,0,297.75
194,314.95,236.55,210.47,169.64,113.01,113.23,0.7,63.81,57.82,185.34,146.59,126.74,95.55,78.11,151.34,37.45,92.88,171.7,165.13,127.43,95.05,78.52,88.34,35.92,49.34,79.12,74.39,48.56,17.45,0,276.7
195,303.95,222.34,204.6,152.15,102.08,101.28,0.64,54.67,48.53,173.03,135.95,114.6,83.64,63.99,151.92,31.48,78.93,164.58,157.59,123.67,97.27,78.9,87.84,35.17,44.08,72.38,68.75,41.68,13.69,0,271.76
196,297,195.03,205.81,152.97,102.48,101.56,0.64,54.62,48.29,172.16,134.95,113.78,83.22,63.6,141.98,30.12,78.89,166.54,159.65,125.29,97.17,78.48,88.64,35.57,44.67,73.36,69.02,40.87,13.53,0.04,268.6
197,308.84,213.2,207.9,153.51,100.08,102.89,0.65,55.76,44.13,163.01,134.49,114.25,84.24,64.9,153.08,33.17,80.07,166.47,159.46,125.08,98.35,78.85,89.6,35.96,44.77,73.19,69.61,41.49,14.06,0,269.58
198,312.37,226.96,228.26,171.98,117.16,115.8,8.67,66.24,58.05,182.84,141.84,122.88,93.72,71.43,155.32,43.1,87.97,187.51,179.02,138.01,82.67,73.03,80.26,37.61,54.5,84.23,81.42,44.56,20.78,0.39,273.34
199,348.68,254.86,225.01,185.78,128.48,123.08,15.86,67.02,66.96,198.1,140.9,116.66,83.68,64.76,183.46,54.98,91.41,196.76,186.58,148.14,103.49,95.28,94.16,51.98,64.41,94.74,88.59,46.89,20.54,1.05,273.88
200,330.68,228.59,202.64,190.12,129.52,126.86,16.88,69.15,64.3,190.24,143.14,118.85,85.03,64.52,189.08,56.05,91.51,198,186.35,152.93,96.76,93.44,96.97,53.71,66.69,96.43,88.18,49.16,23.39,0.11,271.73
201,335.16,233.61,198.92,162.97,100.49,120.69,16.89,70.12,47.89,173.53,140.75,117.38,83.72,59.18,183.97,50.95,79.32,192.36,178.04,154.99,87.85,82.65,96.12,52.04,69.13,100.25,88.75,45.83,22.17,0,263.57
202,363.79,270.63,232.02,183.7,122.99,122.54,4.56,70.82,59.53,190.04,154.63,134.37,103.68,84.47,171.37,52.18,100.75,203.11,191.66,153.96,120.77,97.29,112.94,54,61.26,93.55,88.5,41.44,16.59,0,257.07
203,374.37,271.08,203.75,190.72,123.38,127.15,1.8,72.8,56.04,185.73,160.04,139.39,107.43,84.92,177.64,57.63,103.83,197.02,181.86,160.07,115.51,99.87,113.55,57.16,71.03,103.47,90.6,39.49,15.1,0,270.91
204,376.47,267.01,241.17,190.63,126.66,125.4,0.98,71.04,61.04,195.83,160.65,139.82,107,85.88,189.39,55.25,104.17,201.28,192.45,154.88,123.84,100.95,114.39,50.77,62.41,95.1,87.23,38.38,13.35,0,252.53
205,374.26,257.04,228.07,180.32,119.8,117.72,0.73,63.26,52.44,184.32,154.91,132.15,97.6,74.84,164.47,38.17,92.69,190.84,180.08,144.07,102.77,80.71,90.74,36.52,53.82,87.92,81.08,34.29,8.5,0,229.66
206,362.84,256.88,220.2,162.78,108.61,104.55,0.66,55.16,41.36,166.95,143.83,119.05,84.81,58.58,173.07,30.69,77.39,193.02,182.18,144.59,99.82,77.36,82.05,32.87,46.85,80.67,70.72,27.78,2.49,0,219.79
207,352.42,241.13,220.61,141.75,94.82,89.11,0.58,47.57,24.95,143.07,128.95,101.27,67.56,46.02,139.98,19.42,57.79,165.96,154.31,122.28,76.34,54.36,66.13,27.98,34.35,66.9,60.16,20.34,0.64,0,224.39
208,365.53,238.52,201.06,122.23,80.83,76.96,0.52,38.11,13.71,113.75,107.78,77.47,46.11,35.26,114.76,7.21,40.02,171.52,148.99,124.4,57.26,39.14,56.2,21.72,27.72,67.74,52.22,12.89,0.23,0,196.2
209,361.79,223.95,189.46,105.53,69.76,65.66,0.46,30.74,5.3,88.08,85.68,54.33,30.49,26.9,91.64,0,29.93,149.38,127.52,109.83,39.32,24.3,46.47,15.46,22.49,59.9,42.5,8.84,0.09,0,182.38
210,357.16,209.81,182.3,95.36,64.44,58.35,0.42,26.07,0.51,69.52,73.67,40.09,21.64,21.23,79.62,0,22.71,133.61,114.25,100.63,26.73,13.53,41.31,12.33,19.28,55.5,36.34,6.37,0.02,0,180.52
211,342.63,196.09,183.09,99.28,67.37,61.43,2.64,28.99,2.48,71.65,73.86,41.24,22.61,22.95,79.34,0.39,24.63,130.77,112.18,98.66,26.51,13.92,36.87,11.04,19.78,55.5,36.78,7.12,0.03,0,173.99
212,341.52,194.68,181.51,100.1,65.89,62.91,3.44,29.45,4.12,69.6,73.99,41.52,22.74,22.74,83.49,0.72,24.53,130.76,111.88,98.22,26.51,13.92,37.06,10.97,19.78,55.45,34.93,6.63,0.03,0,172.63
213,347.37,205.44,180.75,99.93,67.57,61.07,0.44,27.67,2.98,73.22,70.12,39.45,21.41,21.16,82.68,0.39,22.96,129.87,111.32,97.75,25.06,12.1,36.63,10.96,19.19,55.1,33.16,6.5,0.01,0,169.43
214,345.84,197.86,180.77,88.7,61.24,54.9,0.4,24.95,0.04,64.73,64.27,34.09,18.18,19.1,76.33,0,20.6,128.54,110.84,98.41,24.03,9.67,41.14,11.54,18.47,54.64,32.18,5.2,0,0,233.26
215,345.26,195.35,188.97,82.89,58.53,48.95,0.36,21.36,0.03,52.48,58.89,27.6,13.84,15.13,65.46,0,16.15,113.56,99.1,89.86,21.25,3.32,38.57,9.59,15.93,51.14,44.32,3.12,0,0,228.78
216,336.52,181.21,177.96,75.32,55,41.15,0.31,17.25,0.03,41.66,50.42,21.97,10.28,11.64,64.79,0,14.58,103.39,91.64,85.7,17.95,0.13,35.14,7.24,13.77,47.96,38.94,0.91,0,0,216.99
217,322.21,160.37,198.61,65.28,49.95,31.84,0.24,12.45,0.02,28.16,43.68,18.5,8.66,8.9,51.8,0,13.3,78.5,70.82,73.66,13.15,0,29.62,3.33,10.06,40.99,32.99,0,0,0,204.08
218,285.1,125.53,168.79,54.92,44.05,23.66,0.19,9.86,0.01,7.83,36.57,14.91,6.98,7.51,40.44,0,11.46,50.78,47.98,58.61,8.69,0,22.96,0,5.23,31.25,24.69,0,0,0,189.95
219,262.1,104.19,157.92,48.43,40.52,18.77,0.16,8.49,0,4.05,32.79,12.91,6.04,6.99,30.89,0,10.43,35.71,36.69,51.55,6.46,0,21.21,0,4.15,27.29,21.98,0,0,0,175.51
220,263,104.11,156.69,54.25,43.43,22.56,0.19,10.37,5,13.29,35.51,14.97,7.09,7.3,30.93,0,10.53,28.74,32,49.24,6.35,0,21.4,0,3.79,25.76,20.3,0,0,0,171.68
221,264.89,106.86,144.71,56.36,46.05,23.32,0.19,10.67,8.46,21.01,37.29,16.42,8.03,8.11,40.7,1.64,12.02,29.42,31.26,49.55,6.24,1.46,16.04,0.39,4.93,27.4,21.42,0,0,0,172.4
222,198.26,83.61,159.69,56.32,45.09,23.49,0.2,10.79,7.83,19.88,36.98,15.61,7.39,7.8,38.82,0.32,11.31,28.97,32.24,51.07,6.48,0,21.99,0,4.2,27.14,21.09,0,0,0,167
223,116.26,49.2,152.5,49.06,41.65,18.9,0.17,8.72,0.29,10.59,34.11,13.43,6.28,7.2,30.9,0,10.24,17.61,24.03,45.36,4.45,0,19.85,0,2.98,23.01,18.29,0,0,0,164.36
224,99,35.62,141.73,41.45,36.98,13.76,0.14,7.47,0,4.12,38.83,14.79,6.92,8.37,30.72,0,10.28,6.93,14.98,37.2,2.23,0,16.15,0,1.35,17.02,14.27,0,0,0,159.79
225,100,32.06,144.69,48.1,39.79,17.27,0.16,8.4,2.88,9.67,48.14,20.93,10.23,11.4,33.79,7.74,18.42,6.58,13.42,35.66,3.34,0,17.12,0,1.08,16.2,13.88,0,0,0,154.14
226,90.42,28.08,142.53,47.24,39.8,17.44,0.16,8.27,1.5,9.6,48.88,19.59,9.17,10.77,26.38,2.76,14.75,6.13,11.98,32.76,2.14,0,16.15,0,0.54,14.21,13.12,0,0,0,149.01
227,90.53,27.18,144.14,45.04,39.32,16.07,0.15,7.7,0.89,9.82,36.26,14.41,6.75,8.62,24.3,2.83,13.15,5.95,11.41,31.46,1.91,0,15.96,0,0.27,13.25,14.21,0,0,0,146.83
228,85.42,21.38,137.85,44.87,39.72,15.46,0.15,7.7,0,4.41,46.63,18.03,8.44,9.7,31.06,0,12.38,5.15,8.92,26.88,1.34,0,14.4,0,0,10.44,12.85,0,0,0,140.38
229,127.16,14.06,125.95,36.89,35.28,10.95,0.11,5.89,0,3.97,38.21,14.49,6.78,8.53,28.23,0,10.37,3.39,4.78,16.49,0,0,10.31,0,0,5.3,10.27,0,0,0,129.83
230,105.37,5.56,116.66,31.82,32.19,8.28,0.08,4.3,0,3.51,30.85,11.54,5.4,7.56,25.91,0,8.71,2.15,2.92,9.49,0,0,7.59,0,0,3.62,8.3,0,0,0,118.7
231,85.68,3.3,107.74,27.07,29.43,5.99,0.06,3.06,0,3.13,27.08,10.1,4.73,6.74,24.17,0,7.37,1.1,1.46,4.83,0,0,4.86,0,0,2,6.56,0,0,0,107.23
232,66.32,2.53,97.25,32.63,34.4,3.73,0.03,1.58,0,2.73,23.59,8.8,4.12,5.87,22.78,0,6,0.03,0.05,1.56,0,0,2.53,0,0,0.89,5.21,0,0,0,101.41
233,48.68,11.57,97.29,23.42,27.76,4.66,0.05,2.56,1.21,6.9,24.7,9.33,4.37,6.02,22.88,0,6.09,0.12,0.18,2.14,0.06,0,3.11,0,0,1.31,5.43,0,0,0,99.18
234,43.47,4.37,90.18,30.95,33.88,3.2,0.03,1.58,0,2.78,22.97,8.57,4.01,5.72,22,0,5.59,0,0.03,0.73,0,0,1.36,0,0,0.37,4.85,0,0,0,95.78
235,54.53,2.07,74.33,22.16,28.53,0,0,0,0,2.28,19.08,7.12,3.33,4.75,19.49,0,4.07,0,0,0,0,0,0,0,0,0,3.55,0,0,0,89.63
236,21.74,0.81,52.41,15.77,22.81,0,0,0,0,1.49,12.72,4.74,2.22,3.17,16.22,0,1.91,0,0,0,0,0,0,0,0,0,1.66,0,0,0,82.37
237,34.95,6.62,53.03,20.87,26.77,2.72,0.02,1.67,0.28,1.42,15.32,7.39,3.8,3.37,16.52,0,2.08,0.33,0.97,1.18,1.24,0,2.93,1.37,0,0,2.19,0,0,0,78.05
238,26.47,5.04,54.5,16.07,22.47,5.6,0.04,3.61,2.58,8.22,16.47,9.05,4.89,3.88,16.52,0,2.22,0.59,1.61,2.56,1.71,0,2.98,1.17,0.19,0.83,2.56,0,0,0,75.85
239,10.37,0.35,40.15,17.47,24.55,0.49,0.01,0.34,0,1.49,10.46,3.9,1.83,2.6,13.99,0,1.57,0,0,0,0,0,0,0,0,0,0.51,0,0,0,71.42
240,0.42,0,31.46,13.64,21.42,0,0,0,0,0.94,7.18,2.68,1.25,1.79,12.54,0,1.08,0,0,0,0,0,0,0,0,0,0,0,0,0,70.45
241,0.21,0,31.46,13.64,21.42,0,0,0,0,0.88,7.18,2.68,1.25,1.79,12.54,0,1.08,0,0,0,0,0,0,0,0,0,0,0,0,0,70.45
242,0,0,29.96,13.31,21.2,0,0,0,0,0.78,6.77,2.53,1.18,1.68,12.44,0,1.02,0,0,0,0,0,0,0,0,0,0,0,0,0,74.57
243,0,0,21.77,10.94,19.33,0,0,0,0,0.48,4.72,1.76,0.82,1.17,10.87,0,0.71,0,0,0,0,0,0,0,0,0,0,0,0,0,72.78
244,0,0,12.59,8.04,16.87,0,0,0,0,0.1,1.85,0.69,0.32,0.46,9.07,0,0.28,0,0,0,0,0,0,0,0,0,0,0,0,0,68.57
245,0,0,7.69,5,14.46,0,0,0,0,0,0,0,0,0,7.04,0,0,0,0,0,0,0,0,0,0,0,0,0,0,0,62.81
246,0,0,3.47,1.95,11.17,0,0,0,0,0,0,0,0,0,5.24,0,0,0,0,0,0,0,0,0,0,0,0,0,0,0,55.25
247,0,0,1.46,1.52,8.69,0,0,0,0,0,0,0,0,0,3.52,0,0,0,0,0,0,0,0,0,0,0,0,0,0,0,48.89
248,0,0,0.85,0.99,5.69,0,0,0,0,0,0,0,0,0,1.2,0,0,0,0,0,0,0,0,0,0,0,0,0,0,0,40.49
249,0,0,0.18,0.33,1.86,0,0,0,0,0,0,0,0,0,0,0,0,0,0,0,0,0,0,0,0,0,0,0,0,0,34.01
250,0,0,0,0,0,0,0,0,0,0,0,0,0,0,0,0,0,0,0,0,0,0,0,0,0,0,0,0,0,0,27.88
251,0,0,0,0,0,0,0,0,0,0,0,0,0,0,0,0,0,0,0,0,0,0,0,0,0,0,0,0,0,0,21.88
252,0,0,0,0,0,0,0,0,0,0,0,0,0,0,0,0,0,0,0,0,0,0,0,0,0,0,0,0,0,0,15.28
253,0,0,0,0,0,0,0,0,0,0,0,0,0,0,0,0,0,0,0,0,0,0,0,0,0,0,0,0,0,0,7.6
254,0,0,0,0,0,0,0,0,0,0,0,0,0,0,0,0,0,0,0,0,0,0,0,0,0,0,0,0,0,0,4.6
255,0,0,0,0,0,0,0,0,0,0,0,0,0,0,0,0,0,0,0,0,0,0,0,0,0,0,0,0,0,0,3.22
256,0,0,0,0,0,0,0,0,0,0,0,0,0,0,0,0,0,0,0,0,0,0,0,0,0,0,0,0,0,0,1.27
257,0,0,0,0,0,0,0,0,0,0,0,0,0,0,0,0,0,0,0,0,0,0,0,0,0,0,0,0,0,0,0
258,0,0,0,0,0,0,0,0,0,0,0,0,0,0,0,0,0,0,0,0,0,0,0,0,0,0,0,0,0,0,0
259,0,0,0,0,0,0,0,0,0,0,0,0,0,0,0,0,0,0,0,0,0,0,0,0,0,0,0,0,0,0,0
260,0,0,0,0,0,0,0,0,0,0,0,0,0,0,0,0,0,0,0,0,0,0,0,0,0,0,0,0,0,0,0
261,0,0,0,0,0,0,0,0,0,0,0,0,0,0,0,0,0,0,0,0,0,0,0,0,0,0,0,0,0,0,0
262,0,0,0,0,0,0,0,0,0,0,0,0,0,0,0,0,0,0,0,0,0,0,0,0,0,0,0,0,0,0,0
263,0,0,0,0,0,0,0,0,0,0,0,0,0,0,0,0,0,0,0,0,0,0,0,0,0,0,0,0,0,0,0
264,0,0,0,0,0,0,0,0,0,0,0,0,0,0,0,0,0,0,0,0,0,0,0,0,0,0,0,0,0,0,0
265,0,0,0,0,0,0,0,0,0,0,0,0,0,0,0,0,0,0,0,0,0,0,0,0,0,0,0,0,0,0,0
266,0,0,0,0,0,0,0,0,0,0,0,0,0,0,0,0,0,0,0,0,0,0,0,0,0,0,0,0,0,0,0
267,0,0,0,0,0,0,0,0,0,0,0,0,0,0,0,0,0,0,0,0,0,0,0,0,0,0,0,0,0,0,0
268,0,0,0,0,0,0,0,0,0,0,0,0,0,0,0,0,0,0,0,0,0,0,0,0,0,0,0,0,0,0,0
269,0,0,0,0,0,0,0,0,0,0,0,0,0,0,0,0,0,0,0,0,0,0,0,0,0,0,0,0,0,0,0
270,0,0,0,0,0,0,0,0,0,0,0,0,0,0,0,0,0,0,0,0,0,0,0,0,0,0,0,0,0,0,0
271,0,0,0,0,0,0,0,0,0,0,0,0,0,0,0,0,0,0,0,0,0,0,0,0,0,0,0,0,0,0,0
272,0,0,0,0,0,0,0,0,0,0,0,0,0,0,0,0,0,0,0,0,0,0,0,0,0,0,0,0,0,0,0
273,0,0,0,0,0,0,0,0,0,0,0,0,0,0,0,0,0,0,0,0,0,0,0,0,0,0,0,0,0,0,0
274,0,0,0,0,0,0,0,0,0,0,0,0,0,0,0,0,0,0,0,0,0,0,0,0,0,0,0,0,0,0,0
275,0,0,0,0,0,0,0,0,0,0,0,0,0,0,0,0,0,0,0,0,0,0,0,0,0,0,0,0,0,0,0
276,0,0,0,0,0,0,0,0,0,0,0,0,0,0,0,0,0,0,0,0,0,0,0,0,0,0,0,0,0,0,0
277,0,0,0,0,0,0,0,0,0,0,0,0,0,0,0,0,0,0,0,0,0,0,0,0,0,0,0,0,0,0,0
278,0,0,0,0,0,0,0,0,0,0,0,0,0,0,0,0,0,0,0,0,0,0,0,0,0,0,0,0,0,0,0
279,0,0,0,0,0,0,0,0,0,0,0,0,0,0,0,0,0,0,0,0,0,0,0,0,0,0,0,0,0,0,0
280,0,0,0,0,0,0,0,0,0,0,0,0,0,0,0,0,0,0,0,0,0,0,0,0,0,0,0,0,0,0,0
281,0,0,0,0,0,0,0,0,0,0,0,0,0,0,0,0,0,0,0,0,0,0,0,0,0,0,0,0,0,0,0
282,0,0,0,0,0,0,0,0,0,0,0,0,0,0,0,0,0,0,0,0,0,0,0,0,0,0,0,0,0,0,0
283,0,0,0,0,0,0,0,0,0,0,0,0,0,0,0,0,0,0,0,0,0,0,0,0,0,0,0,0,0,0,0
284,0,0,0,0,0,0,0,0,0,0,0,0,0,0,0,0,0,0,0,0,0,0,0,0,0,0,0,0,0,0,0
285,0,0,0,0,0,0,0,0,0,0,0,0,0,0,0,0,0,0,0,0,0,0,0,0,0,0,0,0,0,0,0
286,0,0,0,0,0,0,0,0,0,0,0,0,0,0,0,0,0,0,0,0,0,0,0,0,0,0,0,0,0,0,0
287,0,0,0,0,0,0,0,0,0,0,0,0,0,0,0,0,0,0,0,0,0,0,0,0,0,0,0,0,0,0,0
288,0,0,0,0,0,0,0,0,0,0,0,0,0,0,0,0,0,0,0,0,0,0,0,0,0,0,0,0,0,0,0
289,0,0,0,0,0,0,0,0,0,0,0,0,0,0,0,0,0,0,0,0,0,0,0,0,0,0,0,0,0,0,0
290,0,0,0,0,0,0,0,0,0,0,0,0,0,0,0,0,0,0,0,0,0,0,0,0,0,0,0,0,0,0,0
291,0,0,0,0,0,0,0,0,0,0,0,0,0,0,0,0,0,0,0,0,0,0,0,0,0,0,0,0,0,0,0
292,0,0,0,0,0,0,0,0,0,0,0,0,0,0,0,0,0,0,0,0,0,0,0,0,0,0,0,0,0,0,0
293,0,0,0,0,0,0,0,0,0,0,0,0,0,0,0,0,0,0,0,0,0,0,0,0,0,0,0,0,0,0,0
294,0,0,0,0,0,0,0,0,0,0,0,0,0,0,0,0,0,0,0,0,0,0,0,0,0,0,0,0,0,0,0
295,0,0,0,0,0,0,0,0,0,0,0,0,0,0,0,0,0,0,0,0,0,0,0,0,0,0,0,0,0,0,0
296,0,0,0,0,0,0,0,0,0,0,0,0,0,0,0,0,0,0,0,0,0,0,0,0,0,0,0,0,0,0,0
297,0,0,0,0,0,0,0,0,0,0,0,0,0,0,0,0,0,0,0,0,0,0,0,0,0,0,0,0,0,0,0
298,0,0,0,0,0,0,0,0,0,0,0,0,0,0,0,0,0,0,0,0,0,0,0,0,0,0,0,0,0,0,0
299,0,0,0,0,0,0,0,0,0,0,0,0,0,0,0,0,0,0,0,0,0,0,0,0,0,0,0,0,0,0,0
300,0,0,0,0,0,0,0,0,0,0,0,0,0,0,0,0,0,0,0,0,0,0,0,0,0,0,0,0,0,0,0
301,0,0,0,0,0,0,0,0,0,0,0,0,0,0,0,0,0,0,0,0,0,0,0,0,0,0,0,0,0,0,0
302,0,0,0,0,0,0,0,0,0,0,0,0,0,0,0,0,0,0,0,0,0,0,0,0,0,0,0,0,0,0,0
303,0,0,0,0,0,0,0,0,0,0,0,0,0,0,0,0,0,0,0,0,0,0,0,0,0,0,0,0,0,0,0
304,0,0,0,0,0,0,0,0,0,0,0,0,0,0,0,0,0,0,0,0,0,0,0,0,0,0,0,0,0,0,0
305,0,0,0,0,0,0,0,0,0,0,0,0,0,0,0,0,0,0,0,0,0,0,0,0,0,0,0,0,0,0,0
306,0,0,0,0,0,0,0,0,0,0,0,0,0,0,0,0,0,0,0,0,0,0,0,0,0,0,0,0,0,0,0
307,0,0,0,0,0,0,0,0,0,0,0,0,0,0,0,0,0,0,0,0,0,0,0,0,0,0,0,0,0,0,0
308,0,0,0,0,0,0,0,0,0,0,0,0,0,0,0,0,0,0,0,0,0,0,0,0,0,0,0,0,0,0,0
309,0,0,0,0,0,0,0,0,0,0,0,0,0,0,0,0,0,0,0,0,0,0,0,0,0,0,0,0,0,0,0
310,0,0,0,0,0,0,0,0,0,0,0,0,0,0,0,0,0,0,0,0,0,0,0,0,0,0,0,0,0,0,0
311,0,0,0,0,0,0,0,0,0,0,0,0,0,0,0,0,0,0,0,0,0,0,0,0,0,0,0,0,0,0,0
312,0,0,0,0,0,0,0,0,0,0,0,0,0,0,0,0,0,0,0,0,0,0,0,0,0,0,0,0,0,0,0
313,0,0,0,0,0,0,0,0,0,0,0,0,0,0,0,0,0,0,0,0,0,0,0,0,0,0,0,0,0,0,0
314,0,0,0,0,0,0,0,0,0,0,0,0,0,0,0,0,0,0,0,0,0,0,0,0,0,0,0,0,0,0,0
315,0,0,0,0,0,0,0,0,0,0,0,0,0,0,0,0,0,0,0,0,0,0,0,0,0,0,0,0,0,0,0
316,0,0,0,0,0,0,0,0,0,0,0,0,0,0,0,0,0,0,0,0,0,0,0,0,0,0,0,0,0,0,0
317,0,0,0,0,0,0,0,0,0,0,0,0,0,0,0,0,0,0,0,0,0,0,0,0,0,0,0,0,0,0,0
318,0,0,0,0,0,0,0,0,0,0,0,0,0,0,0,0,0,0,0,0,0,0,0,0,0,0,0,0,0,0,0
319,0,0,0,0,0,0,0,0,0,0,0,0,0,0,0,0,0,0,0,0,0,0,0,0,0,0,0,0,0,0,0
320,0,0,0,0,0,0,0,0,0,0,0,0,0,0,0,0,0,0,0,0,0,0,0,0,0,0,0,0,0,0,0
321,0,0,0,0,0,0,0,0,0,0,0,0,0,0,0,0,0,0,0,0,0,0,0,0,0,0,0,0,0,0,0
322,0,0,0,0,0,0,0,0,0,0,0,0,0,0,0,0,0,0,0,0,0,0,0,0,0,0,0,0,0,0,0
323,0,0,0,0,0,0,0,0,0,0,0,0,0,0,0,0,0,0,0,0,0,0,0,0,0,0,0,0,0,0,0
324,0,0,0,0,0,0,0,0,0,0,0,0,0,0,0,0,0,0,0,0,0,0,0,0,0,0,0,0,0,0,0
325,0,0,0,0,0,0,0,0,0,0,0,0,0,0,0,0,0,0,0,0,0,0,0,0,0,0,0,0,0,0,0
326,0,0,0,0,0,0,0,0,0,0,0,0,0,0,0,0,0,0,0,0,0,0,0,0,0,0,0,0,0,0,0
327,0,0,0,0,0,0,0,0,0,0,0,0,0,0,0,0,0,0,0,0,0,0,0,0,0,0,0,0,0,0,0
328,0,0,0,0,0,0,0,0,0,0,0,0,0,0,0,0,0,0,0,0,0,0,0,0,0,0,0,0,0,0,0
329,0,0,0,0,0,0,0,0,0,0,0,0,0,0,0,0,0,0,0,0,0,0,0,0,0,0,0,0,0,0,0
330,0,0,0,0,0,0,0,0,0,0,0,0,0,0,0,0,0,0,0,0,0,0,0,0,0,0,0,0,0,0,0
331,0,0,0,0,0,0,0,0,0,0,0,0,0,0,0,0,0,0,0,0,0,0,0,0,0,0,0,0,0,0,0
332,0,0,0,0,0,0,0,0,0,0,0,0,0,0,0,0,0,0,0,0,0,0,0,0,0,0,0,0,0,0,0
333,0,0,0,0,0,0,0,0,0,0,0,0,0,0,0,0,0,0,0,0,0,0,0,0,0,0,0,0,0,0,0
334,0,0,0,0,0,0,0,0,0,0,0,0,0,0,0,0,0,0,0,0,0,0,0,0,0,0,0,0,0,0,0
335,0,0,0,0,0,0,0,0,0,0,0,0,0,0,0,0,0,0,0,0,0,0,0,0,0,0,0,0,0,0,0
336,0,0,0,0,0,0,0,0,0,0,0,0,0,0,0,0,0,0,0,0,0,0,0,0,0,0,0,0,0,0,0
337,0,0,0,0,0,0,0,0,0,0,0,0,0,0,0,0,0,0,0,0,0,0,0,0,0,0,0,0,0,0,0
338,0,0,0,0,0,0,0,0,0,0,0,0,0,0,0,0,0,0,0,0,0,0,0,0,0,0,0,0,0,0,0
339,0,0,0,0,0,0,0,0,0,0,0,0,0,0,0,0,0,0,0,0,0,0,0,0,0,0,0,0,0,0,0
340,0,0,0,0,0,0,0,0,0,0,0,0,0,0,0,0,0,0,0,0,0,0,0,0,0,0,0,0,0,0,0
341,0,0,0,0,0,0,0,0,0,0,0,0,0,0,0,0,0,0,0,0,0,0,0,0,0,0,0,0,0,0,0
342,0,0,0,0,0,0,0,0,0,0,0,0,0,0,0,0,0,0,0,0,0,0,0,0,0,0,0,0,0,0,0
343,0,0,0,0,0,0,0,0,0,0,0,0,0,0,0,0,0,0,0,0,0,0,0,0,0,0,0,0,0,0,0
344,0,0,0,0,0,0,0,0,0,0,0,0,0,0,0,0,0,0,0,0,0,0,0,0,0,0,0,0,0,0,0
345,0,0,0,0,0,0,0,0,0,0,0,0,0,0,0,0,0,0,0,0,0,0,0,0,0,0,0,0,0,0,0
346,0,0,0,0,0,0,0,0,0,0,0,0,0,0,0,0,0,0,0,0,0,0,0,0,0,0,0,0,0,0,0
347,0,0,0,0,0,0,0,0,0,0,0,0,0,0,0,0,0,0,0,0,0,0,0,0,0,0,0,0,0,0,0
348,0,0,0,0,0,0,0,0,0,0,0,0,0,0,0,0,0,0,0,0,0,0,0,0,0,0,0,0,0,0,0
349,0,0,0,0.04,0.21,0,0,0,0,0.03,0,0,0,0,0.05,0,0,0,0,0,0,0,0,0,0,0,0,0,0,0,0
350,0,0,0,0,0,0,0,0,0,0,0,0,0,0,0,0,0,0,0,0,0,0,0,0,0,0,0,0,0,0,0
351,0,0,0,0,0,0,0,0,0,0,0,0,0,0,0,0,0,0,0,0,0,0,0,0,0,0,0,0,0,0,0
352,0,0,0,0,0,0,0,0,0,0,0,0,0,0,0,0,0,0,0,0,0,0,0,0,0,0,0,0,0,0,0
353,0,0,0,0,0,0,0,0,0,0,0,0,0,0,0,0,0,0,0,0,0,0,0,0,0,0,0,0,0,0,0
354,0,0,0,0,0,0,0,0,0,0,0,0,0,0,0,0,0,0,0,0,0,0,0,0,0,0,0,0,0,0,0
355,0,0,0,0,0,0,0,0,0,0,0,0,0,0,0,0,0,0,0,0,0,0,0,0,0,0,0,0,0,0,0
356,0,0,0,0,0,0,0,0,0,0,0,0,0,0,0,0,0,0,0,0,0,0,0,0,0,0,0,0,0,0,0
357,0,0,0,0,0,0,0,0,0,0,0,0,0,0,0,0,0,0,0,0,0,0,0,0,0,0,0,0,0,0,0
358,0,0,0,0,0,0,0,0,0,0,0,0,0,0,0,0,0,0,0,0,0,0,0,0,0,0,0,0,0,0,0
359,0,0,0,0,0,0,0,0,0,0,0,0,0,0,0,0,0,0,0,0,0,0,0,0,0,0,0,0,0,0,0
360,0,0,0,0,0,0,0,0,0,0,0,0,0,0,0,0,0,0,0,0,0,0,0,0,0,0,0,0,0,0,0
361,0,0,0,0,0,0,0,0,0,0,0,0,0,0,0,0,0,0,0,0,0,0,0,0,0,0,0,0,0,0,0
362,0,0,0.02,0.09,0.52,0.97,0.02,0.91,0,0,0.49,0.35,0.16,0,0.81,0,0,0,0,0.08,0,0,0,0,0,0,0,0,0,0,0.96
363,0,0,0.06,0.11,0.62,0.54,0.01,0.57,0,0.15,0,0.04,0.02,0,0.68,0,0,0,0,0,0,0,0,0,0,0,0,0,0,0,0.71
364,0,0,0.84,0.14,0.83,0.37,0.01,0.45,0,0.1,0,0,0,0,0.68,0,0,0,0,0,0,0,0,0,0,0,0.07,0,0,0,0.23
365,0,0,0.04,0.11,0.62,0.28,0.01,0.34,0,0,0,0,0,0,0.38,0,0,0,0,0,0,0,0,0,0,0,0,0,0,0,0
366,0,0,0,0,0,0,0,0,0,0,0,0,0,0,0,0,0,0,0,0,0,0,0,0,0,0,0,0,0,0,0
